task,PPnr,conjunction_single,Acc,RT
long_cue,R_08x3yfNtCFtgBYl,dual,0.9375,1873.1
long_cue,R_08x3yfNtCFtgBYl,sing,1,1887.0625
long_cue,R_0OmSAzFURsT3hND,dual,0.9375,731.9821428571429
long_cue,R_0OmSAzFURsT3hND,sing,1,1166.75
long_cue,R_10ZPMCCzcV8FG6A,dual,1,989.75
long_cue,R_10ZPMCCzcV8FG6A,sing,1,974.0625
long_cue,R_12s68Ligswec1t3,dual,0.9375,531.4910714285714
long_cue,R_12s68Ligswec1t3,sing,1,588.9375
long_cue,R_1BPAkPhD282eIwa,dual,1,841.5625
long_cue,R_1BPAkPhD282eIwa,sing,1,934.25
long_cue,R_1CDQa7qsN9RNzFH,dual,1,1132.375
long_cue,R_1CDQa7qsN9RNzFH,sing,1,1297.0625
long_cue,R_1CJcSTbRoTUCqgI,dual,1,1048.2410714285716
long_cue,R_1CJcSTbRoTUCqgI,sing,0.875,1145.142857142857
long_cue,R_1DuNzuDT2Ly6aYo,dual,1,1034.6875
long_cue,R_1DuNzuDT2Ly6aYo,sing,1,1022.5
long_cue,R_1Ej3yOyXSRu4rHj,dual,0.9375,468.57142857142856
long_cue,R_1Ej3yOyXSRu4rHj,sing,1,607.5625
long_cue,R_1HkLtKPGeWEXFwg,dual,1,828.375
long_cue,R_1HkLtKPGeWEXFwg,sing,1,1091.6875
long_cue,R_1HpZbLVjg7CUvTk,dual,0.9375,937.7321428571429
long_cue,R_1HpZbLVjg7CUvTk,sing,0.8125,1026.95
long_cue,R_1IR8kofj9wFWdIF,dual,1,1308.375
long_cue,R_1IR8kofj9wFWdIF,sing,0.9375,1408.85
long_cue,R_1ISOn43feC1HgrC,dual,0.875,1149.2857142857142
long_cue,R_1ISOn43feC1HgrC,sing,0.9375,1052.6517857142858
long_cue,R_1IXVr7a4rbLclDy,dual,1,1272.8333333333335
long_cue,R_1IXVr7a4rbLclDy,sing,0.875,1372.6190476190477
long_cue,R_1IfTVw1P9JXGPqL,dual,1,878.5
long_cue,R_1IfTVw1P9JXGPqL,sing,1,814.3125
long_cue,R_1K3eLYRF0WM0F1x,dual,1,1216.9375
long_cue,R_1K3eLYRF0WM0F1x,sing,1,1630.0625
long_cue,R_1K6KGucq5uhaFzv,dual,1,1662.6875
long_cue,R_1K6KGucq5uhaFzv,sing,0.9375,1404.75
long_cue,R_1K71a7Ou0dd9RDl,dual,0.9375,943.5535714285714
long_cue,R_1K71a7Ou0dd9RDl,sing,1,1191.3125
long_cue,R_1KqDdYqdsxJyWIf,dual,1,692.9375
long_cue,R_1KqDdYqdsxJyWIf,sing,0.9375,790.375
long_cue,R_1LXmTvk5iLuGEaA,dual,1,671.625
long_cue,R_1LXmTvk5iLuGEaA,sing,0.9375,739.9166666666667
long_cue,R_1OVnUIQoDvuoLoa,dual,1,1030.25
long_cue,R_1OVnUIQoDvuoLoa,sing,0.9375,1473.8660714285716
long_cue,R_1OkOyQCupky29ws,dual,0.9375,784.9404761904761
long_cue,R_1OkOyQCupky29ws,sing,0.875,773.5625
long_cue,R_1PXVhaM73VwX7i7,dual,1,443.375
long_cue,R_1PXVhaM73VwX7i7,sing,1,463.3125
long_cue,R_1PemspRhIIq93Jq,dual,1,1577.7857142857142
long_cue,R_1PemspRhIIq93Jq,sing,0.875,1634.8
long_cue,R_1QDSGYxg9iGBQ1N,dual,0.9375,1142.982142857143
long_cue,R_1QDSGYxg9iGBQ1N,sing,1,1133.375
long_cue,R_1XqCDwzg1i2Esxj,dual,1,1015.375
long_cue,R_1XqCDwzg1i2Esxj,sing,0.875,1443.0833333333333
long_cue,R_1cUmxE0nB0eQ5tx,dual,1,1024.875
long_cue,R_1cUmxE0nB0eQ5tx,sing,1,1064.0625
long_cue,R_1cUnP5PoHL3kGw8,dual,1,1126.875
long_cue,R_1cUnP5PoHL3kGw8,sing,0.875,1184.4285714285713
long_cue,R_1cZYqPuI2ovCe8d,dual,0.875,611.0208333333333
long_cue,R_1cZYqPuI2ovCe8d,sing,1,1403.5714285714284
long_cue,R_1eK9C4dUWMG5UoE,dual,1,555.9375
long_cue,R_1eK9C4dUWMG5UoE,sing,1,625.5625
long_cue,R_1erta2V92H4drrE,dual,0.9375,1214.5714285714284
long_cue,R_1erta2V92H4drrE,sing,0.625,1746.875
long_cue,R_1ex76BKICzdLpi3,dual,1,864.125
long_cue,R_1ex76BKICzdLpi3,sing,1,1125.1875
long_cue,R_1flJVVkbxzk1i5c,dual,1,525.625
long_cue,R_1flJVVkbxzk1i5c,sing,1,754.8125
long_cue,R_1g6KjG4gA3vEJF7,dual,0.9375,1093.607142857143
long_cue,R_1g6KjG4gA3vEJF7,sing,1,920.75
long_cue,R_1gHKNsWNE1ugMUa,dual,1,1132
long_cue,R_1gHKNsWNE1ugMUa,sing,0.875,1378.5625
long_cue,R_1hzkst2wvP8JIH4,dual,1,750.0625
long_cue,R_1hzkst2wvP8JIH4,sing,0.875,630.0833333333333
long_cue,R_1imoeufCHjjazMW,dual,1,716.875
long_cue,R_1imoeufCHjjazMW,sing,1,777.1875
long_cue,R_1jCgwQdSLoXJHUV,dual,1,1418.8125
long_cue,R_1jCgwQdSLoXJHUV,sing,1,1114
long_cue,R_1jDKVL7IiGl9Yg2,dual,1,1359.0535714285716
long_cue,R_1jDKVL7IiGl9Yg2,sing,0.8125,1416.9166666666665
long_cue,R_1jE8xih7Lg9IirX,dual,1,476.25
long_cue,R_1jE8xih7Lg9IirX,sing,0.9375,505.86607142857144
long_cue,R_1jH3pdKIvdSHNIY,dual,0.9375,663.75
long_cue,R_1jH3pdKIvdSHNIY,sing,0.9375,754.9910714285714
long_cue,R_1jrzi2l761541zF,dual,1,657.125
long_cue,R_1jrzi2l761541zF,sing,0.875,742.7857142857142
long_cue,R_1lzzukvJq3atYiQ,dual,1,652.875
long_cue,R_1lzzukvJq3atYiQ,sing,0.75,626.75
long_cue,R_1mC4cBupoC4tHV4,dual,1,732.375
long_cue,R_1mC4cBupoC4tHV4,sing,1,856.625
long_cue,R_1mIULYprIrOv92G,dual,1,578.0625
long_cue,R_1mIULYprIrOv92G,sing,0.9375,737.4553571428571
long_cue,R_1mmFOe3uknXraci,dual,1,1142.9375
long_cue,R_1mmFOe3uknXraci,sing,0.9375,1395.8333333333333
long_cue,R_1nOO1BGaTXG8VNZ,dual,0.9375,1217.5625
long_cue,R_1nOO1BGaTXG8VNZ,sing,0.9375,986.9017857142858
long_cue,R_1nOQ0qbgqQcSRz6,dual,1,848.875
long_cue,R_1nOQ0qbgqQcSRz6,sing,1,879.375
long_cue,R_1pMrEEZMbPml0WU,dual,0.9375,663.6428571428571
long_cue,R_1pMrEEZMbPml0WU,sing,1,761.0625
long_cue,R_1pukYYnbpsfMrZv,dual,1,716.4553571428571
long_cue,R_1pukYYnbpsfMrZv,sing,1,690.75
long_cue,R_1qXpoOypYbjTRWl,dual,1,1654.0714285714287
long_cue,R_1qXpoOypYbjTRWl,sing,1,1874.6666666666665
long_cue,R_1rla5wg2eJeofgU,dual,0.9375,718.625
long_cue,R_1rla5wg2eJeofgU,sing,1,665.3125
long_cue,R_1rvojTzRtsDhwWZ,dual,1,448.3125
long_cue,R_1rvojTzRtsDhwWZ,sing,1,561.9375
long_cue,R_20Mv4w5vYeNCTls,dual,0.9375,780.0089285714286
long_cue,R_20Mv4w5vYeNCTls,sing,1,897.25
long_cue,R_23TwjQv7jVMZAHh,dual,0.9375,1502.1517857142858
long_cue,R_23TwjQv7jVMZAHh,sing,1,1510.3125
long_cue,R_24HieJfWwUqqVSw,dual,0.9375,1293.7857142857142
long_cue,R_24HieJfWwUqqVSw,sing,0.75,1077.4285714285716
long_cue,R_24jTtLg98nGv99c,dual,1,665.375
long_cue,R_24jTtLg98nGv99c,sing,1,568.75
long_cue,R_25BzCJwLFrqdpOi,dual,0.5,1569
long_cue,R_25BzCJwLFrqdpOi,sing,0.4375,2602
long_cue,R_27EkFokF3zDCAFg,dual,1,666.9375
long_cue,R_27EkFokF3zDCAFg,sing,0.9375,786.8392857142858
long_cue,R_27HkygMlXuzFDss,dual,1,1237.2232142857142
long_cue,R_27HkygMlXuzFDss,sing,0.875,1355.1875
long_cue,R_28B8ByTcmPbYYBi,dual,1,902.1875
long_cue,R_28B8ByTcmPbYYBi,sing,1,817.1875
long_cue,R_290a4seCfd02VPe,dual,1,805.375
long_cue,R_290a4seCfd02VPe,sing,1,853.3125
long_cue,R_29buJYsXisup2Mb,dual,0.9375,1625.9142857142856
long_cue,R_29buJYsXisup2Mb,sing,0.75,1804.4
long_cue,R_2AZHWSSUZ7gAeVu,dual,1,1689.5
long_cue,R_2AZHWSSUZ7gAeVu,sing,0.9375,1704.3
long_cue,R_2BnRYuqRU9MgxDH,dual,0.9375,889.4553571428571
long_cue,R_2BnRYuqRU9MgxDH,sing,1,889.5625
long_cue,R_2BtIrCsNLg3M5Hv,dual,0.9375,1026.6517857142858
long_cue,R_2BtIrCsNLg3M5Hv,sing,0.9375,1129.732142857143
long_cue,R_2CDt4ymTrZ6kFn0,dual,0.9375,1924.607142857143
long_cue,R_2CDt4ymTrZ6kFn0,sing,0.9375,2147.479166666667
long_cue,R_2P1NXSwrNBPPbSy,dual,1,1320.875
long_cue,R_2P1NXSwrNBPPbSy,sing,0.9375,1312.267857142857
long_cue,R_2P5OftLBu8Xnm63,dual,1,685.5625
long_cue,R_2P5OftLBu8Xnm63,sing,1,800.5357142857142
long_cue,R_2QggTeu9uNjR2Kz,dual,0.9375,1467.3571428571427
long_cue,R_2QggTeu9uNjR2Kz,sing,1,1745.6160714285716
long_cue,R_2Qn8nKQlmurWj6x,dual,0.75,1314.017857142857
long_cue,R_2Qn8nKQlmurWj6x,sing,0.75,1422.75
long_cue,R_2R81qJfBkmFANkJ,dual,0.875,959.0833333333333
long_cue,R_2R81qJfBkmFANkJ,sing,0.9375,1437.6607142857142
long_cue,R_2TvjCe31vsmiZgF,dual,1,729.5625
long_cue,R_2TvjCe31vsmiZgF,sing,0.875,894.5714285714286
long_cue,R_2UYj6qVJqb6JhXS,dual,1,836.0446428571429
long_cue,R_2UYj6qVJqb6JhXS,sing,0.8125,917.7619047619048
long_cue,R_2Y5SgzE2hzm4IzP,dual,1,1367
long_cue,R_2Y5SgzE2hzm4IzP,sing,0.8125,1229.8809523809523
long_cue,R_2aDYCLDeHnDcoTK,dual,1,659.5625
long_cue,R_2aDYCLDeHnDcoTK,sing,0.9375,725.2053571428571
long_cue,R_2c6m9mRMP3vRtxF,dual,1,819.125
long_cue,R_2c6m9mRMP3vRtxF,sing,0.9375,1199.044642857143
long_cue,R_2cc7FPRMpuGx2CV,dual,0.9375,485.7053571428571
long_cue,R_2cc7FPRMpuGx2CV,sing,0.9375,822.6517857142858
long_cue,R_2cnGgIRvbYUU2JM,dual,1,948.9375
long_cue,R_2cnGgIRvbYUU2JM,sing,1,1053.25
long_cue,R_2cvhE0HTQ1JO49j,dual,1,1434.75
long_cue,R_2cvhE0HTQ1JO49j,sing,0.9375,1142.7857142857142
long_cue,R_2dYKuSke1t2VOfa,dual,1,645.75
long_cue,R_2dYKuSke1t2VOfa,sing,1,685.6875
long_cue,R_2f6VCNeHmcSqTrE,dual,1,666.1875
long_cue,R_2f6VCNeHmcSqTrE,sing,0.875,551.7142857142857
long_cue,R_2fD1bJjW95gw3LB,dual,1,1163.1666666666665
long_cue,R_2fD1bJjW95gw3LB,sing,1,945.375
long_cue,R_2pJiC30bA23mBP9,dual,1,838.25
long_cue,R_2pJiC30bA23mBP9,sing,1,976.1875
long_cue,R_2qxGC4cTbe7xhyS,dual,0.9375,575.7142857142858
long_cue,R_2qxGC4cTbe7xhyS,sing,1,741.5625
long_cue,R_2rVd3Udq0Naa4tm,dual,1,990.25
long_cue,R_2rVd3Udq0Naa4tm,sing,0.9375,813.3392857142858
long_cue,R_2s5BrOZwyfMmXNT,dual,0.9375,812.2232142857142
long_cue,R_2s5BrOZwyfMmXNT,sing,0.9375,994.3303571428571
long_cue,R_2sZwXaQWcDrXX4J,dual,1,592.4375
long_cue,R_2sZwXaQWcDrXX4J,sing,1,644.1875
long_cue,R_2saKX0rCpQMSpWC,dual,1,811.9375
long_cue,R_2saKX0rCpQMSpWC,sing,1,705.5
long_cue,R_2t2RITW5Msrt0v1,dual,1,709.875
long_cue,R_2t2RITW5Msrt0v1,sing,0.9375,1065.6875
long_cue,R_2t8PKxoTop4myWX,dual,1,942.5625
long_cue,R_2t8PKxoTop4myWX,sing,1,1210.5535714285716
long_cue,R_2tzNr5GcFWibgNj,dual,0.875,1046.642857142857
long_cue,R_2tzNr5GcFWibgNj,sing,0.9375,1222.7857142857142
long_cue,R_2uEyL6gg252E1VJ,dual,1,888.0089285714286
long_cue,R_2uEyL6gg252E1VJ,sing,0.9375,945.1160714285714
long_cue,R_2uPd3IAgL1aElYJ,dual,1,678
long_cue,R_2uPd3IAgL1aElYJ,sing,0.625,729
long_cue,R_2uaROXK2JM6R5KN,dual,1,583.1875
long_cue,R_2uaROXK2JM6R5KN,sing,1,777.9375
long_cue,R_2v1EkCyV15Ok7D5,dual,1,555.6875
long_cue,R_2v1EkCyV15Ok7D5,sing,1,655.0625
long_cue,R_2v6M4LykwnHQpey,dual,1,675.5
long_cue,R_2v6M4LykwnHQpey,sing,1,730.75
long_cue,R_2wgkGKCmXhgbs6f,dual,0.8125,689.6666666666667
long_cue,R_2wgkGKCmXhgbs6f,sing,1,913.0625
long_cue,R_2whKJfx0Nt043dd,dual,1,476.5625
long_cue,R_2whKJfx0Nt043dd,sing,1,497.9375
long_cue,R_2xIZjV9sIl4RF6P,dual,0.9375,1109.5535714285716
long_cue,R_2xIZjV9sIl4RF6P,sing,1,1205.5
long_cue,R_2xxfsrIN77B2IyP,dual,0.9375,1491.2142857142858
long_cue,R_2xxfsrIN77B2IyP,sing,1,1766.1041666666665
long_cue,R_2zMG3pjpYVG6q9D,dual,0.9375,1439.5833333333333
long_cue,R_2zMG3pjpYVG6q9D,sing,1,1710.0714285714284
long_cue,R_2zZOxm6mvhN3djv,dual,1,486.375
long_cue,R_2zZOxm6mvhN3djv,sing,1,565.3125
long_cue,R_31HQAyCP0raT1FV,dual,1,483.1875
long_cue,R_31HQAyCP0raT1FV,sing,0.9375,538.6964285714286
long_cue,R_32Ph5gf2egyE3BQ,dual,0.9375,841.875
long_cue,R_32Ph5gf2egyE3BQ,sing,1,981.25
long_cue,R_32SfLOnCsAkGpkr,dual,1,713.9375
long_cue,R_32SfLOnCsAkGpkr,sing,0.875,953.9285714285713
long_cue,R_389Zio7QxIjX2Gl,dual,1,1596.4375
long_cue,R_389Zio7QxIjX2Gl,sing,0.9375,1482.625
long_cue,R_3CE2psUILAye8Gw,dual,1,1681.1041666666665
long_cue,R_3CE2psUILAye8Gw,sing,1,1545.0535714285716
long_cue,R_3CQ5KT4CZBYWAlC,dual,1,613.375
long_cue,R_3CQ5KT4CZBYWAlC,sing,0.9375,771.4196428571429
long_cue,R_3EnIpSKfpoFxj4q,dual,0.875,1113.5625
long_cue,R_3EnIpSKfpoFxj4q,sing,0.8125,1678.9666666666667
long_cue,R_3F4Nuu63mcg282m,dual,0.875,1287.1142857142856
long_cue,R_3F4Nuu63mcg282m,sing,0.9375,1213.5208333333335
long_cue,R_3I6Ku341O3voRKF,dual,1,1444.3125
long_cue,R_3I6Ku341O3voRKF,sing,0.875,1642.2380952380952
long_cue,R_3IawjgtbqJ8vZS1,dual,1,695.9375
long_cue,R_3IawjgtbqJ8vZS1,sing,1,899.6875
long_cue,R_3IbLExNViiL7Wmj,dual,0.75,1961
long_cue,R_3IbLExNViiL7Wmj,sing,0.8125,1239.7666666666667
long_cue,R_3J5dZzQpHZlbptE,dual,0.9375,1070.2857142857142
long_cue,R_3J5dZzQpHZlbptE,sing,0.625,1339.5
long_cue,R_3J7WamqLp1arSYg,dual,1,834.0625
long_cue,R_3J7WamqLp1arSYg,sing,0.9375,902.875
long_cue,R_3J8imcd2CT8E7nV,dual,1,731.9375
long_cue,R_3J8imcd2CT8E7nV,sing,1,973.4642857142857
long_cue,R_3JKuKZTaXlZlS9L,dual,0.875,1017.6666666666667
long_cue,R_3JKuKZTaXlZlS9L,sing,1,1106.0125
long_cue,R_3JepjzwRIn4QNMa,dual,0.875,1179.2142857142858
long_cue,R_3JepjzwRIn4QNMa,sing,0.9375,1618.8333333333335
long_cue,R_3L0GKcwhfD3ONGp,dual,1,644.5625
long_cue,R_3L0GKcwhfD3ONGp,sing,1,818.1875
long_cue,R_3L8bKSLPWWYQbb1,dual,1,955.125
long_cue,R_3L8bKSLPWWYQbb1,sing,1,998
long_cue,R_3LYmXrQqAEkquZp,dual,1,656.9375
long_cue,R_3LYmXrQqAEkquZp,sing,0.875,988.702380952381
long_cue,R_3MrsBALpPMDdc4K,dual,0.9375,1809.125
long_cue,R_3MrsBALpPMDdc4K,sing,0.9375,1676.75
long_cue,R_3MsZ1FtrecdI6Bk,dual,1,1018.9375
long_cue,R_3MsZ1FtrecdI6Bk,sing,1,957.25
long_cue,R_3NLrAGnHeCcusnN,dual,0.9375,925.0892857142858
long_cue,R_3NLrAGnHeCcusnN,sing,1,1155.544642857143
long_cue,R_3OijgTkqK3N1vDR,dual,1,829.5
long_cue,R_3OijgTkqK3N1vDR,sing,1,1288.6517857142858
long_cue,R_3PH8KwGY7M572k7,dual,0.8125,1243.452380952381
long_cue,R_3PH8KwGY7M572k7,sing,1,1163.2410714285716
long_cue,R_3PHnuh1NwQxBUke,dual,1,776.3125
long_cue,R_3PHnuh1NwQxBUke,sing,1,1049.875
long_cue,R_3PUkBY8ioPt2QHk,dual,1,836.25
long_cue,R_3PUkBY8ioPt2QHk,sing,1,882.0625
long_cue,R_3PhNSDcozSxV4x6,dual,1,552.875
long_cue,R_3PhNSDcozSxV4x6,sing,0.9375,487.25892857142856
long_cue,R_3PoF0xbH4zPk6H9,dual,1,839.6696428571429
long_cue,R_3PoF0xbH4zPk6H9,sing,1,872.125
long_cue,R_3R2V7o3AKvD3riN,dual,0.9375,1127.857142857143
long_cue,R_3R2V7o3AKvD3riN,sing,1,1043.5
long_cue,R_3dG1KAXAFwYYSNa,dual,0.9375,1196.455357142857
long_cue,R_3dG1KAXAFwYYSNa,sing,0.875,1310.2857142857142
long_cue,R_3dYB6FtZaYKmnQI,dual,0.9375,798.5625
long_cue,R_3dYB6FtZaYKmnQI,sing,1,736.5
long_cue,R_3ekQwKF3mgu5b6t,dual,0.9375,668.8928571428571
long_cue,R_3ekQwKF3mgu5b6t,sing,0.9375,619.0982142857142
long_cue,R_3emJvrH8C0R8XAf,dual,1,1106.5625
long_cue,R_3emJvrH8C0R8XAf,sing,0.875,994.2708333333333
long_cue,R_3fekyhJ51vsHhVz,dual,1,654.875
long_cue,R_3fekyhJ51vsHhVz,sing,0.9375,671.9642857142858
long_cue,R_3huTrvGn33dOCmD,dual,0.8125,1297.7714285714287
long_cue,R_3huTrvGn33dOCmD,sing,0.9375,1161.6607142857142
long_cue,R_3hxsgJPCQz6ODRf,dual,0.9375,1291.455357142857
long_cue,R_3hxsgJPCQz6ODRf,sing,0.6875,1338.1964285714284
long_cue,R_3iUBe2A2sqTNxe6,dual,0.9375,692.0714285714286
long_cue,R_3iUBe2A2sqTNxe6,sing,0.9375,484.91964285714283
long_cue,R_3isy7djZDjX51Zy,dual,1,1566.6875
long_cue,R_3isy7djZDjX51Zy,sing,1,1087.1458333333335
long_cue,R_3lA2P9y5IuW1K16,dual,0.875,593.8958333333333
long_cue,R_3lA2P9y5IuW1K16,sing,0.8125,609.3625
long_cue,R_3lQSewC3zD0cqPm,dual,1,517.0625
long_cue,R_3lQSewC3zD0cqPm,sing,0.9375,603.4196428571429
long_cue,R_3lW8WmUtn8ktnqb,dual,1,1820.3125
long_cue,R_3lW8WmUtn8ktnqb,sing,1,1862.3875
long_cue,R_3m29EB99jBC3eYM,dual,0.9375,723.2857142857142
long_cue,R_3m29EB99jBC3eYM,sing,0.9375,745.5
long_cue,R_3mfrYYubAvKcVXD,dual,1,684
long_cue,R_3mfrYYubAvKcVXD,sing,1,758.6875
long_cue,R_3nTN2on5k76PSqy,dual,0.9375,735.1696428571429
long_cue,R_3nTN2on5k76PSqy,sing,1,830.5
long_cue,R_3ni4oB2dXSyqVt5,dual,0.9375,721.7767857142858
long_cue,R_3ni4oB2dXSyqVt5,sing,0.9375,647.9642857142858
long_cue,R_3nuRnyn8F7V1zzY,dual,0.9375,1299
long_cue,R_3nuRnyn8F7V1zzY,sing,0.375,1632
long_cue,R_3nvCR77A2gIXUnU,dual,1,817.25
long_cue,R_3nvCR77A2gIXUnU,sing,0.875,924.0714285714287
long_cue,R_3plRloA3DMCWRlm,dual,0.875,744.4285714285714
long_cue,R_3plRloA3DMCWRlm,sing,0.875,807.2142857142858
long_cue,R_3qE9UFs34ohzB4u,dual,0.9375,873.0535714285714
long_cue,R_3qE9UFs34ohzB4u,sing,1,983.0625
long_cue,R_3qIGvV1gBPeGAF3,dual,1,699.8125
long_cue,R_3qIGvV1gBPeGAF3,sing,1,1066.625
long_cue,R_3qqgOHNsjhwxEbU,dual,1,830.8125
long_cue,R_3qqgOHNsjhwxEbU,sing,1,955.875
long_cue,R_3r1hJN0OmOW9eWt,dual,0.9375,1148.125
long_cue,R_3r1hJN0OmOW9eWt,sing,0.875,1084.7142857142858
long_cue,R_3r2uzs1xxGdN7Xt,dual,0.9375,1607.580357142857
long_cue,R_3r2uzs1xxGdN7Xt,sing,0.75,1612.4
long_cue,R_3sgjFLFAcfatVu1,dual,1,881.25
long_cue,R_3sgjFLFAcfatVu1,sing,0.875,884.8333333333333
long_cue,R_3snnTFxEmMWchE3,dual,1,1216.6875
long_cue,R_3snnTFxEmMWchE3,sing,0.9375,1365.607142857143
long_cue,R_4HGqzV1TmoKnmRb,dual,1,935.6875
long_cue,R_4HGqzV1TmoKnmRb,sing,0.875,1546.142857142857
long_cue,R_4UcujUnUkeMAjcd,dual,1,1282.625
long_cue,R_4UcujUnUkeMAjcd,sing,0.9375,1172.75
long_cue,R_5AccJZEMv9dA7ZL,dual,0.9375,1509.1458333333335
long_cue,R_5AccJZEMv9dA7ZL,sing,1,1812.919642857143
long_cue,R_5Bl0sD2ma6kOenD,dual,0.9375,2024.1517857142858
long_cue,R_5Bl0sD2ma6kOenD,sing,1,1911.482142857143
long_cue,R_6QoG7SGfNSA5MY1,dual,0.875,1516.0714285714284
long_cue,R_6QoG7SGfNSA5MY1,sing,0.9375,1274.9910714285716
long_cue,R_78aLaJZ9ov7E4z7,dual,0.9375,1255.3690476190477
long_cue,R_78aLaJZ9ov7E4z7,sing,0.875,1182.1309523809523
long_cue,R_7QYLh7Cv4ho9ne9,dual,1,871.875
long_cue,R_7QYLh7Cv4ho9ne9,sing,1,926.4375
long_cue,R_8039DfpRFz4mdlD,dual,0.9375,880.0625
long_cue,R_8039DfpRFz4mdlD,sing,0.875,1147.857142857143
long_cue,R_81zsKze4hKiO3Ch,dual,1,662.4375
long_cue,R_81zsKze4hKiO3Ch,sing,0.75,723.75
long_cue,R_821ywZ3Ur7opgmR,dual,1,1380.4375
long_cue,R_821ywZ3Ur7opgmR,sing,0.9375,1686.7857142857142
long_cue,R_8qYu2CCKRBiPBjb,dual,1,1011.0625
long_cue,R_8qYu2CCKRBiPBjb,sing,1,902
long_cue,R_AhqftoXBoaz9xId,dual,1,987.1517857142857
long_cue,R_AhqftoXBoaz9xId,sing,1,1316.75
long_cue,R_BEpHnJisiwxS1z3,dual,0.9375,1697.5267857142858
long_cue,R_BEpHnJisiwxS1z3,sing,0.875,1576.7142857142858
long_cue,R_BV2jiQRnLfyGBYl,dual,1,770.0625
long_cue,R_BV2jiQRnLfyGBYl,sing,1,907.4375
long_cue,R_Cjijzqk1J6xkLdf,dual,1,783.4375
long_cue,R_Cjijzqk1J6xkLdf,sing,1,746.375
long_cue,R_DcbIYJJOl9NfnSV,dual,1,454.1875
long_cue,R_DcbIYJJOl9NfnSV,sing,0.75,848.4285714285714
long_cue,R_O0WT1fmWD73IgCZ,dual,1,942.4375
long_cue,R_O0WT1fmWD73IgCZ,sing,0.9375,1216.7916666666665
long_cue,R_Ope2sXA3sL6z35T,dual,1,805.0625
long_cue,R_Ope2sXA3sL6z35T,sing,1,729.125
long_cue,R_PA36VyjszG9W9gt,dual,0.875,1350.2916666666665
long_cue,R_PA36VyjszG9W9gt,sing,0.75,1004.8333333333333
long_cue,R_PYUFtJ6v69P19WF,dual,1,794.75
long_cue,R_PYUFtJ6v69P19WF,sing,0.9375,795.3839285714286
long_cue,R_Q3QAyLhzVGkm1hL,dual,0.9375,1087.1964285714284
long_cue,R_Q3QAyLhzVGkm1hL,sing,0.9375,997.5119047619048
long_cue,R_UA47gf9TzaRpJ0B,dual,0.9375,1284.3482142857142
long_cue,R_UA47gf9TzaRpJ0B,sing,1,1396.4375
long_cue,R_UnfbYQPONiXwHgB,dual,0.9375,1295.0892857142858
long_cue,R_UnfbYQPONiXwHgB,sing,1,1062.0625
long_cue,R_VPabY1AJYIyCZPz,dual,0.9375,1194.3482142857142
long_cue,R_VPabY1AJYIyCZPz,sing,0.9375,1225.2410714285716
long_cue,R_W8LdRMuNzFlfzfX,dual,1,588
long_cue,R_W8LdRMuNzFlfzfX,sing,1,598.9375
long_cue,R_WfBh84bVieh94u5,dual,0.9375,987.9821428571429
long_cue,R_WfBh84bVieh94u5,sing,0.75,1509.2285714285713
long_cue,R_Y050be3d1qTgt21,dual,0.9375,745.5714285714286
long_cue,R_Y050be3d1qTgt21,sing,1,972.4375
long_cue,R_aXyHoAyLu9CDc4N,dual,0.875,839.8571428571429
long_cue,R_aXyHoAyLu9CDc4N,sing,0.8125,1104.8125
long_cue,R_bJ8LN8hW9Wr5SFj,dual,1,573.375
long_cue,R_bJ8LN8hW9Wr5SFj,sing,1,595.6875
long_cue,R_bj5pW4Iu3tLbUnT,dual,1,2394.416666666667
long_cue,R_bj5pW4Iu3tLbUnT,sing,0.9375,2144.875
long_cue,R_d6C5372Rri91D57,dual,1,1171.6875
long_cue,R_d6C5372Rri91D57,sing,1,1456.875
long_cue,R_dh9Z16ZeR9OmSJj,dual,1,625.5625
long_cue,R_dh9Z16ZeR9OmSJj,sing,1,737
long_cue,R_dm7E2sdo1YUjT3z,dual,1,467.0625
long_cue,R_dm7E2sdo1YUjT3z,sing,1,432.5625
long_cue,R_dmY5Tc0WANqnPs5,dual,0.8125,1196.6190476190477
long_cue,R_dmY5Tc0WANqnPs5,sing,1,1479.25
long_cue,R_eJrfTYcTp9qL7ix,dual,1,719.5625
long_cue,R_eJrfTYcTp9qL7ix,sing,1,984.1875
long_cue,R_eai96tm4PUo2JmF,dual,0.9375,843.0803571428571
long_cue,R_eai96tm4PUo2JmF,sing,1,802.375
long_cue,R_eyNfgTiSRXT8Xi9,dual,0.9375,1227.705357142857
long_cue,R_eyNfgTiSRXT8Xi9,sing,0.9375,1058.7857142857142
long_cue,R_pufazghR2YH4Vqx,dual,0.875,1108.5625
long_cue,R_pufazghR2YH4Vqx,sing,0.9375,1149.3392857142858
long_cue,R_r25ZrJt80L0xZ5v,dual,1,971.4375
long_cue,R_r25ZrJt80L0xZ5v,sing,0.9375,1032.267857142857
long_cue,R_sZRf0Q5e9LGW9gJ,dual,1,2288.4375
long_cue,R_sZRf0Q5e9LGW9gJ,sing,1,2332.125
long_cue,R_tLqTSkDsUZvWP4t,dual,1,761.375
long_cue,R_tLqTSkDsUZvWP4t,sing,0.9375,798.625
long_cue,R_tQjTkAdN6h1rHHP,dual,1,752.3125
long_cue,R_tQjTkAdN6h1rHHP,sing,0.9375,867.5089285714286
long_cue,R_vcofmMoT48YgqGd,dual,1,1061.4375
long_cue,R_vcofmMoT48YgqGd,sing,0.9375,1297.4464285714284
long_cue,R_vdAXj8lKTQiuvLj,dual,0.9375,1697.8
long_cue,R_vdAXj8lKTQiuvLj,sing,1,2116.7
long_cue,R_vl7yAhjMq73ut4l,dual,0.9375,931.5416666666667
long_cue,R_vl7yAhjMq73ut4l,sing,1,1008.4732142857142
long_cue,R_xfUcAaPbjk0g6Jz,dual,1,699.75
long_cue,R_xfUcAaPbjk0g6Jz,sing,1,768.0625
long_cue,R_yPWGGeD3XC6CB0t,dual,0.9375,740.5
long_cue,R_yPWGGeD3XC6CB0t,sing,0.9375,863.6607142857142
long_cue,R_ykzlIRPd0KX2ZW1,dual,1,1041
long_cue,R_ykzlIRPd0KX2ZW1,sing,1,1002.0625
long_cue,R_ypQ4ZCs1p2l24eJ,dual,1,762
long_cue,R_ypQ4ZCs1p2l24eJ,sing,0.9375,926.2946428571429
short_cue,R_1240oKwSUYFSJUY,dual,1,563.5625
short_cue,R_1240oKwSUYFSJUY,sing,1,675.375
short_cue,R_125qGAPsEKNgCik,dual,0.875,835.452380952381
short_cue,R_125qGAPsEKNgCik,sing,0.875,1234.825
short_cue,R_1BYsxPc3DVzRRdc,dual,1,1174.125
short_cue,R_1BYsxPc3DVzRRdc,sing,0.8125,1208.6904761904761
short_cue,R_1C4075atnBURXV9,dual,0.9375,717.7321428571429
short_cue,R_1C4075atnBURXV9,sing,1,596.9375
short_cue,R_1Ca7oDDfGUuqpD2,dual,0.9375,906.1517857142858
short_cue,R_1Ca7oDDfGUuqpD2,sing,0.875,1020.9285714285713
short_cue,R_1DUQTsUdLXCAotg,dual,0.9375,785.9910714285714
short_cue,R_1DUQTsUdLXCAotg,sing,0.9375,688.7232142857142
short_cue,R_1Ed18J86Ydnz5JK,dual,0.875,1180.9583333333335
short_cue,R_1Ed18J86Ydnz5JK,sing,0.75,968.9375
short_cue,R_1F3O1RwVVn1ANjS,dual,0.9375,1149.642857142857
short_cue,R_1F3O1RwVVn1ANjS,sing,0.9375,669.3660714285714
short_cue,R_1FQy7LAFBlt3sbw,dual,0.9375,1022.4196428571429
short_cue,R_1FQy7LAFBlt3sbw,sing,0.875,1127.8541666666665
short_cue,R_1FkyCxrQzCKlVM3,dual,0.875,954.2857142857142
short_cue,R_1FkyCxrQzCKlVM3,sing,0.9375,969.6785714285714
short_cue,R_1FlZaoI26lrL1xW,dual,0.875,801.2291666666667
short_cue,R_1FlZaoI26lrL1xW,sing,0.9375,602.8125
short_cue,R_1FzvTdctlBl6mau,dual,0.875,989.2291666666666
short_cue,R_1FzvTdctlBl6mau,sing,0.875,1173.5
short_cue,R_1GEw2ntVr6WT5FY,dual,1,544.875
short_cue,R_1GEw2ntVr6WT5FY,sing,0.9375,803.0625
short_cue,R_1H5WiYRCLXLoMr6,dual,1,945.5
short_cue,R_1H5WiYRCLXLoMr6,sing,1,875.8125
short_cue,R_1IagvrDfWeu1SzI,dual,0.9375,1197.705357142857
short_cue,R_1IagvrDfWeu1SzI,sing,0.9375,815.1696428571429
short_cue,R_1K2LTDdSTkk0CkO,dual,0.875,847.8125
short_cue,R_1K2LTDdSTkk0CkO,sing,0.8125,713.9625
short_cue,R_1KkDDjZQonL8jXf,dual,0.9375,1224.1875
short_cue,R_1KkDDjZQonL8jXf,sing,0.8125,1398.55
short_cue,R_1Nex25Z07JEPqPT,dual,1,900.9642857142858
short_cue,R_1Nex25Z07JEPqPT,sing,1,842.25
short_cue,R_1OE6gsnJdCYDJNp,dual,0.875,1309.6904761904761
short_cue,R_1OE6gsnJdCYDJNp,sing,0.8125,1236.5666666666666
short_cue,R_1OJJIMbAOHmEsc6,dual,0.875,729
short_cue,R_1OJJIMbAOHmEsc6,sing,0.9375,578.1071428571429
short_cue,R_1Oy5gti2oOMkrmx,dual,0.9375,1283.7857142857142
short_cue,R_1Oy5gti2oOMkrmx,sing,1,999.0625
short_cue,R_1Q0nnQSbpfMIzl8,dual,0.75,2021.9583333333333
short_cue,R_1Q0nnQSbpfMIzl8,sing,0.8125,1714.345238095238
short_cue,R_1QcQ8lM8sMgbe9Z,dual,1,597.6875
short_cue,R_1QcQ8lM8sMgbe9Z,sing,1,770.625
short_cue,R_1QhHQgn3oncjPVH,dual,1,648.9375
short_cue,R_1QhHQgn3oncjPVH,sing,1,588.1875
short_cue,R_1fd9g37kVcLlQon,dual,0.9375,839.1517857142858
short_cue,R_1fd9g37kVcLlQon,sing,0.9375,771.6785714285714
short_cue,R_1fjeMABd9YtFdM2,dual,1,976.5625
short_cue,R_1fjeMABd9YtFdM2,sing,0.75,872.5857142857143
short_cue,R_1gGFiI9dwPgNWnF,dual,0.8125,653.7261904761905
short_cue,R_1gGFiI9dwPgNWnF,sing,1,816
short_cue,R_1gTnf5neAjKhFhT,dual,0.625,1241.0666666666666
short_cue,R_1gTnf5neAjKhFhT,sing,0.9375,1058.857142857143
short_cue,R_1hKL5I25Q84xW4U,dual,0.8125,2242.5833333333335
short_cue,R_1hKL5I25Q84xW4U,sing,1,2220.75
short_cue,R_1hXp8VCud7SMiKb,dual,0.9375,654.3660714285714
short_cue,R_1hXp8VCud7SMiKb,sing,0.9375,837.8035714285714
short_cue,R_1iffR2ZzRyikKgD,dual,0.875,806.8452380952381
short_cue,R_1iffR2ZzRyikKgD,sing,0.9375,616.7410714285714
short_cue,R_1jrMskfuP7Mrr9S,dual,0.9375,453.44642857142856
short_cue,R_1jrMskfuP7Mrr9S,sing,0.9375,613.1071428571429
short_cue,R_1lo8TnSLVLCPrMI,dual,0.9375,1037.8125
short_cue,R_1lo8TnSLVLCPrMI,sing,0.75,1001.8571428571429
short_cue,R_1oAMtAsotlpba75,dual,1,791
short_cue,R_1oAMtAsotlpba75,sing,1,566.0625
short_cue,R_1oBEFfxegvaFxqs,dual,0.9375,816.3571428571429
short_cue,R_1oBEFfxegvaFxqs,sing,1,976.3125
short_cue,R_1onlnd0PSlmh0kP,dual,1,958.5892857142857
short_cue,R_1onlnd0PSlmh0kP,sing,0.9375,1512.1607142857142
short_cue,R_1pJPjmN0ZA5yTy2,dual,0.9375,1840.955357142857
short_cue,R_1pJPjmN0ZA5yTy2,sing,0.875,1390.25
short_cue,R_1ptx896QKfU4151,dual,0.75,1009.2142857142857
short_cue,R_1ptx896QKfU4151,sing,0.9375,921.5714285714286
short_cue,R_1r9CI6AFSBMawII,dual,0.875,680.1458333333333
short_cue,R_1r9CI6AFSBMawII,sing,0.75,1048.1857142857143
short_cue,R_2107Kbqwjw5sjVi,dual,1,513.375
short_cue,R_2107Kbqwjw5sjVi,sing,1,718.5625
short_cue,R_21A0Opwy47DGP0D,dual,0.9375,632.8660714285714
short_cue,R_21A0Opwy47DGP0D,sing,1,829.9375
short_cue,R_21ixygMv7kGQldy,dual,1,649.75
short_cue,R_21ixygMv7kGQldy,sing,0.9375,901.5267857142858
short_cue,R_232mnWKrVorZxtV,dual,0.9375,1222.357142857143
short_cue,R_232mnWKrVorZxtV,sing,0.9375,1454.0267857142858
short_cue,R_23UGi46yIwlgRIg,dual,0.9375,736.1696428571429
short_cue,R_23UGi46yIwlgRIg,sing,0.9375,634.6071428571429
short_cue,R_23V6KyyFTKNSfr0,dual,0.9375,1161.4625
short_cue,R_23V6KyyFTKNSfr0,sing,0.9375,1002.3035714285714
short_cue,R_24MjDzYaj8vSl2F,dual,1,1018.125
short_cue,R_24MjDzYaj8vSl2F,sing,0.875,1180
short_cue,R_24f2Xj2zVejGVvr,dual,0.9375,631.6160714285714
short_cue,R_24f2Xj2zVejGVvr,sing,1,659.625
short_cue,R_26aTxals5ya98Bn,dual,0.875,689.9285714285714
short_cue,R_26aTxals5ya98Bn,sing,0.875,761
short_cue,R_27I2lMBC4C9HqXh,dual,0.875,711.6428571428571
short_cue,R_27I2lMBC4C9HqXh,sing,1,774.6875
short_cue,R_27IKiFTRUeouja1,dual,0.8,1111.5
short_cue,R_27IKiFTRUeouja1,sing,0.8125,1422.9375
short_cue,R_27TjhkHUtsmEKXv,dual,0.75,1302.8333333333335
short_cue,R_27TjhkHUtsmEKXv,sing,0.9375,1302.357142857143
short_cue,R_29buiFpEHzEyviM,dual,1,703.9375
short_cue,R_29buiFpEHzEyviM,sing,1,435
short_cue,R_2AGbTgxStxS8OK7,dual,0.9375,835.3214285714286
short_cue,R_2AGbTgxStxS8OK7,sing,1,854.8125
short_cue,R_2ASEGOsJ8SHSVr5,dual,0.9375,1116.982142857143
short_cue,R_2ASEGOsJ8SHSVr5,sing,1,958.75
short_cue,R_2Bu63NcF98ifXiE,dual,1,739.9375
short_cue,R_2Bu63NcF98ifXiE,sing,0.9375,635.5267857142858
short_cue,R_2CTk31LB5KSXTUK,dual,1,422.9375
short_cue,R_2CTk31LB5KSXTUK,sing,1,654.375
short_cue,R_2D5fuTu0fyLlRoG,dual,0.9375,770
short_cue,R_2D5fuTu0fyLlRoG,sing,1,685.375
short_cue,R_2DRKnOvAi7cEOEe,dual,1,471
short_cue,R_2DRKnOvAi7cEOEe,sing,1,608.4553571428571
short_cue,R_2EAwGG7T8u9elvy,dual,0.9375,502.2857142857143
short_cue,R_2EAwGG7T8u9elvy,sing,1,481.0625
short_cue,R_2EGbNncbkrLeOBn,dual,0.8125,882.9166666666667
short_cue,R_2EGbNncbkrLeOBn,sing,0.8125,1335.5
short_cue,R_2PutYEFsewiz88m,dual,1,1421.0625
short_cue,R_2PutYEFsewiz88m,sing,0.75,1245.357142857143
short_cue,R_2PzXxMCgeJjWWLk,dual,1,652.6875
short_cue,R_2PzXxMCgeJjWWLk,sing,0.875,946.1428571428571
short_cue,R_2RPRywAKJIJoXwq,dual,1,704.5625
short_cue,R_2RPRywAKJIJoXwq,sing,0.9375,908.6428571428571
short_cue,R_2TOewpP52D1ZcQi,dual,0.9375,735.9553571428571
short_cue,R_2TOewpP52D1ZcQi,sing,1,609.4375
short_cue,R_2TvIpggb40wzcMj,dual,0.8125,691.952380952381
short_cue,R_2TvIpggb40wzcMj,sing,0.875,595.8125
short_cue,R_2UWLzuZCkACVgCP,dual,1,943.25
short_cue,R_2UWLzuZCkACVgCP,sing,0.9375,1123.5892857142858
short_cue,R_2Ugx54Yz1N7CJ36,dual,1,506.4375
short_cue,R_2Ugx54Yz1N7CJ36,sing,0.9375,695.3035714285714
short_cue,R_2VBBNsozbzxpfT9,dual,0.9375,583.9910714285714
short_cue,R_2VBBNsozbzxpfT9,sing,0.9375,674.1428571428571
short_cue,R_2Vx6MwTvzph2nt3,dual,1,597.1875
short_cue,R_2Vx6MwTvzph2nt3,sing,0.875,892.8333333333333
short_cue,R_2bHPDYy6X92e2YW,dual,1,825.25
short_cue,R_2bHPDYy6X92e2YW,sing,0.9375,616.3482142857142
short_cue,R_2cubeyiZDy5kcWK,dual,0.9375,863.0714285714286
short_cue,R_2cubeyiZDy5kcWK,sing,0.9375,865.2
short_cue,R_2dH0HFAfxeETPyV,dual,0.9375,868.1875
short_cue,R_2dH0HFAfxeETPyV,sing,0.9375,753.75
short_cue,R_2diq2w8gEnf5L8z,dual,0.9375,730.8660714285714
short_cue,R_2diq2w8gEnf5L8z,sing,0.9375,618.6160714285714
short_cue,R_2e2xTrAELL35qnU,dual,0.9375,906.1428571428571
short_cue,R_2e2xTrAELL35qnU,sing,0.9375,962.1607142857143
short_cue,R_2fBULLTffGRBWLb,dual,0.9375,1128.1875
short_cue,R_2fBULLTffGRBWLb,sing,0.75,1144.4285714285716
short_cue,R_2fesTAMA2X5bx5T,dual,1,466.75
short_cue,R_2fesTAMA2X5bx5T,sing,1,510
short_cue,R_2fvMbaH7XgyVyCF,dual,0.9375,1107.142857142857
short_cue,R_2fvMbaH7XgyVyCF,sing,0.875,1277.5125
short_cue,R_2q9ip8BsXKWy3tB,dual,0.9375,921.3166666666666
short_cue,R_2q9ip8BsXKWy3tB,sing,0.875,1142.2619047619048
short_cue,R_2qCYwbcshBGMWl9,dual,0.875,739.375
short_cue,R_2qCYwbcshBGMWl9,sing,0.8125,798.0357142857142
short_cue,R_2sSBN4IUEWRzEHE,dual,0.8125,1476.4833333333333
short_cue,R_2sSBN4IUEWRzEHE,sing,0.875,1313.0208333333335
short_cue,R_2t3eKQMwJ13cTxu,dual,0.875,809.8541666666667
short_cue,R_2t3eKQMwJ13cTxu,sing,0.875,983.2142857142858
short_cue,R_2t5VMWadJZXwhol,dual,0.9375,770.7767857142858
short_cue,R_2t5VMWadJZXwhol,sing,0.6875,967.5
short_cue,R_2tKElLKJ2RzYeOL,dual,0.875,1105.2083333333335
short_cue,R_2tKElLKJ2RzYeOL,sing,1,1176.75
short_cue,R_2uZFhWaBfnO4ECU,dual,0.9375,1395.0714285714287
short_cue,R_2uZFhWaBfnO4ECU,sing,1,1202.767857142857
short_cue,R_2w5NkTjpk5sIZmL,dual,0.875,703.4583333333333
short_cue,R_2w5NkTjpk5sIZmL,sing,1,576.875
short_cue,R_2z5D2HPnn3XvNKK,dual,0.875,1188.7666666666667
short_cue,R_2z5D2HPnn3XvNKK,sing,0.5857142857142856,810
short_cue,R_2z5xbqVjjSIyJdo,dual,1,916.375
short_cue,R_2z5xbqVjjSIyJdo,sing,1,1411.3125
short_cue,R_2zAzUdW0VLW47Ua,dual,0.9375,619.9107142857142
short_cue,R_2zAzUdW0VLW47Ua,sing,0.875,641.3571428571429
short_cue,R_2zOyxhAfuZbfaqm,dual,1,1406.1875
short_cue,R_2zOyxhAfuZbfaqm,sing,0.875,1558.2261904761904
short_cue,R_302H874OqnSbmug,dual,0.75,977.5833333333333
short_cue,R_302H874OqnSbmug,sing,1,746.6875
short_cue,R_3061vbhI41l7m5V,dual,0.75,934.3428571428572
short_cue,R_3061vbhI41l7m5V,sing,1,787.875
short_cue,R_31zRT6XRWDLt6XR,dual,0.9375,864.2946428571429
short_cue,R_31zRT6XRWDLt6XR,sing,0.9375,928.0982142857142
short_cue,R_325E8Zcstn7PYYf,dual,0.8125,934.6166666666667
short_cue,R_325E8Zcstn7PYYf,sing,0.8125,924.8125
short_cue,R_32X7zIltyrBl2XJ,dual,0.8125,1218.1666666666665
short_cue,R_32X7zIltyrBl2XJ,sing,0.875,1031.142857142857
short_cue,R_33gvmuPR94pwSQR,dual,0.9375,1194.419642857143
short_cue,R_33gvmuPR94pwSQR,sing,0.8125,1323.5428571428572
short_cue,R_33wriurPRqAICJQ,dual,1,797.4375
short_cue,R_33wriurPRqAICJQ,sing,0.9375,1110.1607142857142
short_cue,R_3CH6GYzeXMmQ3BR,dual,0.875,656.1428571428571
short_cue,R_3CH6GYzeXMmQ3BR,sing,0.9375,830.1607142857142
short_cue,R_3E9zqUUokucmyvi,dual,0.75,1041.9375
short_cue,R_3E9zqUUokucmyvi,sing,0.875,1239.1666666666665
short_cue,R_3EXNIE6ibfayydJ,dual,1,547.5625
short_cue,R_3EXNIE6ibfayydJ,sing,1,487.8125
short_cue,R_3F54OWKljGjDYun,dual,0.9375,591.9107142857142
short_cue,R_3F54OWKljGjDYun,sing,0.9375,597.625
short_cue,R_3G3aqKAxalampJB,dual,0.875,555.0714285714286
short_cue,R_3G3aqKAxalampJB,sing,1,519.25
short_cue,R_3GfEE0tSJtpYpDK,dual,1,842
short_cue,R_3GfEE0tSJtpYpDK,sing,0.9375,935.1339285714286
short_cue,R_3GrJEh3BPMqoUIE,dual,0.9375,937.8095238095239
short_cue,R_3GrJEh3BPMqoUIE,sing,0.75,808.8333333333333
short_cue,R_3GwicDp1Qe1fIYu,dual,0.9375,1071.8839285714284
short_cue,R_3GwicDp1Qe1fIYu,sing,1,862.625
short_cue,R_3Hov1y7dOtcDZlE,dual,0.9375,1388.267857142857
short_cue,R_3Hov1y7dOtcDZlE,sing,0.6875,1090.3
short_cue,R_3Ht3R1VCyo41bf7,dual,0.875,635.5833333333334
short_cue,R_3Ht3R1VCyo41bf7,sing,0.6875,822.95
short_cue,R_3Hzu7sZLBROTBKI,dual,0.9375,1146.357142857143
short_cue,R_3Hzu7sZLBROTBKI,sing,1,913.4375
short_cue,R_3Ic5XcXj3i1cbFL,dual,0.9375,623.125
short_cue,R_3Ic5XcXj3i1cbFL,sing,0.8125,618.047619047619
short_cue,R_3JCQVowq4SWDWhO,dual,1,556.8125
short_cue,R_3JCQVowq4SWDWhO,sing,0.875,595.5
short_cue,R_3JCuHa99Y2UioVU,dual,0.9375,1148.732142857143
short_cue,R_3JCuHa99Y2UioVU,sing,0.9375,1511.232142857143
short_cue,R_3KxCDvIBCFGJlB2,dual,1,641.0625
short_cue,R_3KxCDvIBCFGJlB2,sing,0.875,783
short_cue,R_3M5rXHlsQsfCfZ1,dual,1,1029.1875
short_cue,R_3M5rXHlsQsfCfZ1,sing,1,876.3125
short_cue,R_3NDueluChz5YLcK,dual,0.8125,869.952380952381
short_cue,R_3NDueluChz5YLcK,sing,0.875,1262.142857142857
short_cue,R_3NJrbvniVjhQgVe,dual,1,1559.5
short_cue,R_3NJrbvniVjhQgVe,sing,0.8125,1291.45
short_cue,R_3NUHxGL0DDAFsRc,dual,0.875,1510.9583333333335
short_cue,R_3NUHxGL0DDAFsRc,sing,0.9375,1087.9285714285716
short_cue,R_3NV3o9ELxm8q0OB,dual,1,596.25
short_cue,R_3NV3o9ELxm8q0OB,sing,1,625.5
short_cue,R_3PzqcG3ePjyMVoQ,dual,0.875,1119.2285714285713
short_cue,R_3PzqcG3ePjyMVoQ,sing,1,730.5625
short_cue,R_3Rl6FSFxxA5e8ma,dual,0.9375,1183.580357142857
short_cue,R_3Rl6FSFxxA5e8ma,sing,1,877.75
short_cue,R_3Rl6VEWOBQmKqU6,dual,1,618.5625
short_cue,R_3Rl6VEWOBQmKqU6,sing,0.875,778
short_cue,R_3RmwoIz93sstbuX,dual,1,706.75
short_cue,R_3RmwoIz93sstbuX,sing,0.8125,961.0357142857142
short_cue,R_3Vm6NBKASkpNULn,dual,0.8125,1849.8285714285716
short_cue,R_3Vm6NBKASkpNULn,sing,0.9375,1230.0535714285716
short_cue,R_3dYRf1LJJY5sNDQ,dual,1,564
short_cue,R_3dYRf1LJJY5sNDQ,sing,0.8125,721.975
short_cue,R_3dYYZ1eB57mzvcP,dual,0.9375,751.5357142857142
short_cue,R_3dYYZ1eB57mzvcP,sing,1,620.9375
short_cue,R_3fIafKngtt8LCdv,dual,1,727.625
short_cue,R_3fIafKngtt8LCdv,sing,0.9375,764.8303571428571
short_cue,R_3fftJphDI5wp8jD,dual,0.875,1270.2857142857142
short_cue,R_3fftJphDI5wp8jD,sing,1,885.5
short_cue,R_3gMLdLQylpAUOCz,dual,0.9375,728.9107142857142
short_cue,R_3gMLdLQylpAUOCz,sing,0.9375,655.9285714285714
short_cue,R_3gSdxynZBUsA24l,dual,1,919.75
short_cue,R_3gSdxynZBUsA24l,sing,1,950.375
short_cue,R_3iFr8MpMy69byrN,dual,1,1200.8125
short_cue,R_3iFr8MpMy69byrN,sing,1,1151.1875
short_cue,R_3j0uBCOqMwUzlCW,dual,0.9375,1078.7589285714284
short_cue,R_3j0uBCOqMwUzlCW,sing,0.9375,976.9464285714286
short_cue,R_3j9ApP6uO0ORpcw,dual,1,804.125
short_cue,R_3j9ApP6uO0ORpcw,sing,1,705.0625
short_cue,R_3jAe4d8aowHEK53,dual,0.9375,1789.9464285714284
short_cue,R_3jAe4d8aowHEK53,sing,0.875,1250.7291666666665
short_cue,R_3jSRUtmlwcSos3T,dual,1,515.375
short_cue,R_3jSRUtmlwcSos3T,sing,1,457.125
short_cue,R_3jZIGhpufmzSmRG,dual,1,1637.6875
short_cue,R_3jZIGhpufmzSmRG,sing,0.75,1683.042857142857
short_cue,R_3kANJhWZWQZHHzt,dual,0.9375,1209.357142857143
short_cue,R_3kANJhWZWQZHHzt,sing,0.9375,1376.6309523809523
short_cue,R_3kAQUBQH7gOE6L4,dual,1,751.0416666666667
short_cue,R_3kAQUBQH7gOE6L4,sing,0.75,811.4166666666667
short_cue,R_3koHaaGXSWbfZCH,dual,0.9375,636.25
short_cue,R_3koHaaGXSWbfZCH,sing,1,764.4375
short_cue,R_3kq4Tx7qydJo7oB,dual,1,1212.3125
short_cue,R_3kq4Tx7qydJo7oB,sing,0.875,1739.2261904761904
short_cue,R_3lQ7ThL8ft9I4Xd,dual,0.9375,852.2410714285714
short_cue,R_3lQ7ThL8ft9I4Xd,sing,1,576.25
short_cue,R_3lQY2j5LMIXXK4u,dual,0.875,596.7738095238095
short_cue,R_3lQY2j5LMIXXK4u,sing,0.875,749.7291666666667
short_cue,R_3lxHPjKjHR4VSZX,dual,0.8125,1085
short_cue,R_3lxHPjKjHR4VSZX,sing,0.875,935.4583333333333
short_cue,R_3nGjakNTDKLeUI5,dual,0.875,1337.2142857142858
short_cue,R_3nGjakNTDKLeUI5,sing,0.9375,1195.6964285714284
short_cue,R_3nj6domOVc1jJjN,dual,0.8125,1018.4285714285714
short_cue,R_3nj6domOVc1jJjN,sing,0.9375,1277.125
short_cue,R_3paGJTFEkF29ztH,dual,1,520.4375
short_cue,R_3paGJTFEkF29ztH,sing,0.8125,575.5833333333333
short_cue,R_3peQmhVVM6LZ8Rq,dual,0.8125,1108.297619047619
short_cue,R_3peQmhVVM6LZ8Rq,sing,0.5,999.125
short_cue,R_3qU5FwC4OCJ7aqk,dual,0.8125,536.1071428571429
short_cue,R_3qU5FwC4OCJ7aqk,sing,1,593.625
short_cue,R_3svpurCda9KfwHp,dual,1,877.6696428571429
short_cue,R_3svpurCda9KfwHp,sing,0.9375,773.9017857142858
short_cue,R_4MlrIKWtWMynXgJ,dual,0.9375,805.6607142857142
short_cue,R_4MlrIKWtWMynXgJ,sing,0.9375,721.3482142857142
short_cue,R_4V0pQt6VgkQw0lb,dual,1,1061.9375
short_cue,R_4V0pQt6VgkQw0lb,sing,0.75,992.0833333333333
short_cue,R_5zD75iREBKTihMt,dual,1,675.5625
short_cue,R_5zD75iREBKTihMt,sing,1,840.1875
short_cue,R_6AkMGcTw5XpOoSd,dual,1,1365.9375
short_cue,R_6AkMGcTw5XpOoSd,sing,0.9375,1310.669642857143
short_cue,R_87dG0u6RSBe8bpD,dual,0.9375,561.625
short_cue,R_87dG0u6RSBe8bpD,sing,0.9375,500.44642857142856
short_cue,R_88lRNtWC8jzcvPr,dual,1,622.4375
short_cue,R_88lRNtWC8jzcvPr,sing,0.9375,887.3571428571429
short_cue,R_9SIq53ZIw0UeCMp,dual,0.875,702.8541666666667
short_cue,R_9SIq53ZIw0UeCMp,sing,0.9375,893.6428571428571
short_cue,R_9ZV7VYa4WgGSoPT,dual,1,443.8125
short_cue,R_9ZV7VYa4WgGSoPT,sing,1,460.6875
short_cue,R_AFYcy8WqCbGhYSB,dual,0.9375,684.5982142857142
short_cue,R_AFYcy8WqCbGhYSB,sing,1,916.3125
short_cue,R_ClZZ8iH4ih5ZuSd,dual,0.9375,1697.2142857142858
short_cue,R_ClZZ8iH4ih5ZuSd,sing,0.875,1718.1
short_cue,R_O0SCTkaxAB7vjA5,dual,0.9375,908.8303571428571
short_cue,R_O0SCTkaxAB7vjA5,sing,0.8125,988.55
short_cue,R_OBikbvVJp5ZcCOt,dual,1,775.4375
short_cue,R_OBikbvVJp5ZcCOt,sing,0.8125,948.9761904761905
short_cue,R_OPCfSDjGV5SHORr,dual,1,762.1875
short_cue,R_OPCfSDjGV5SHORr,sing,1,620.5625
short_cue,R_OjUO1JZhl881Wdr,dual,0.875,637.4791666666667
short_cue,R_OjUO1JZhl881Wdr,sing,0.9375,594.2589285714286
short_cue,R_OkxFT8Yi5pR6dsB,dual,0.875,1061.8958333333333
short_cue,R_OkxFT8Yi5pR6dsB,sing,0.6875,956.9107142857142
short_cue,R_PIpINaW6xp0qDD3,dual,0.9375,662.2321428571429
short_cue,R_PIpINaW6xp0qDD3,sing,1,584.4375
short_cue,R_PSSk558zgwsdfq1,dual,0.8125,1265.5714285714284
short_cue,R_PSSk558zgwsdfq1,sing,0.9375,954.5714285714286
short_cue,R_Pwhzf2X9FTJWwcp,dual,0.9375,528.5803571428571
short_cue,R_Pwhzf2X9FTJWwcp,sing,0.875,650.0714285714286
short_cue,R_QoG98GIXlyTTQCB,dual,0.9375,784.4732142857142
short_cue,R_QoG98GIXlyTTQCB,sing,0.875,700.6666666666667
short_cue,R_R838SwdXuvvg13j,dual,1,914.4375
short_cue,R_R838SwdXuvvg13j,sing,1,835.5625
short_cue,R_RPRRh5b9RJjsLWF,dual,0.9375,2276.5
short_cue,R_RPRRh5b9RJjsLWF,sing,0.9375,2417.6666666666665
short_cue,R_RxCmnVP4h0M2Iet,dual,0.625,965.25
short_cue,R_RxCmnVP4h0M2Iet,sing,0.9375,995.5
short_cue,R_SUAv0Djpf96vXsB,dual,0.9375,947.7857142857142
short_cue,R_SUAv0Djpf96vXsB,sing,0.875,1075.8214285714284
short_cue,R_TjDuFk15r39Xrqh,dual,0.75,703.8571428571429
short_cue,R_TjDuFk15r39Xrqh,sing,0.9375,651.4017857142858
short_cue,R_VO1OFG6TLIlFTbj,dual,0.9375,1331.330357142857
short_cue,R_VO1OFG6TLIlFTbj,sing,1,961.1875
short_cue,R_Y3NmOCLnLbfmdRT,dual,0.875,613.5714285714286
short_cue,R_Y3NmOCLnLbfmdRT,sing,0.9375,680.6607142857142
short_cue,R_Z9PxP0CExYG8397,dual,1,489.875
short_cue,R_Z9PxP0CExYG8397,sing,0.75,557.2142857142858
short_cue,R_ZahaFNCfOgy05xL,dual,0.875,1173.2142857142858
short_cue,R_ZahaFNCfOgy05xL,sing,0.9375,1103.0089285714284
short_cue,R_ZaxZDyOScZVjzz3,dual,0.875,914.9791666666667
short_cue,R_ZaxZDyOScZVjzz3,sing,0.6875,987.3392857142857
short_cue,R_a8Keqoc6RqZXPj3,dual,0.4375,1407.5
short_cue,R_a8Keqoc6RqZXPj3,sing,0.5,845.5
short_cue,R_b1xBevGuDlgE5mp,dual,1,627.8125
short_cue,R_b1xBevGuDlgE5mp,sing,0.9375,714.7410714285714
short_cue,R_bxcuLDEvGbOnKHT,dual,0.75,1669.6666666666665
short_cue,R_bxcuLDEvGbOnKHT,sing,0.5,1382.2
short_cue,R_dfYxqvX4G98rUXL,dual,0.9375,900.8571428571429
short_cue,R_dfYxqvX4G98rUXL,sing,0.8125,563.8809523809524
short_cue,R_eKdyzfVrqfswb1n,dual,1,1516.625
short_cue,R_eKdyzfVrqfswb1n,sing,0.875,1597.2142857142858
short_cue,R_esMmOCJbTcEsIq5,dual,0.875,1030.892857142857
short_cue,R_esMmOCJbTcEsIq5,sing,0.875,781.2291666666667
short_cue,R_pEoe2uY6YbOw3aF,dual,0.8125,493.7738095238095
short_cue,R_pEoe2uY6YbOw3aF,sing,0.9375,438.74107142857144
short_cue,R_pK7U209871YpYIN,dual,1,1492.5
short_cue,R_pK7U209871YpYIN,sing,0.75,1633.642857142857
short_cue,R_pT8XhCOwudJrdq9,dual,0.875,793
short_cue,R_pT8XhCOwudJrdq9,sing,1,774.3125
short_cue,R_pngU1YVfrXpM6m5,dual,0.9375,481.61607142857144
short_cue,R_pngU1YVfrXpM6m5,sing,1,604.5
short_cue,R_qL4FaXWkk1AqEmt,dual,0.875,2290.625
short_cue,R_qL4FaXWkk1AqEmt,sing,0.6875,1361.3333333333333
short_cue,R_rcHQpWAv7AbsluV,dual,0.875,750.5
short_cue,R_rcHQpWAv7AbsluV,sing,1,800.875
short_cue,R_rkiqrtdH01X2Uz7,dual,0.8125,1037.202380952381
short_cue,R_rkiqrtdH01X2Uz7,sing,1,842.5625
short_cue,R_rpa23bPTMqxRuy5,dual,0.9375,1140.482142857143
short_cue,R_rpa23bPTMqxRuy5,sing,0.875,1306.9761904761904
short_cue,R_szedVFAI7mc8uqt,dual,1,578.5803571428571
short_cue,R_szedVFAI7mc8uqt,sing,1,595.8125
short_cue,R_u220n4MBxTrGIqB,dual,1,1070
short_cue,R_u220n4MBxTrGIqB,sing,1,785.625
short_cue,R_uk7jLfoyyvrie5P,dual,0.9375,682.7232142857142
short_cue,R_uk7jLfoyyvrie5P,sing,0.875,734.725
short_cue,R_uk8lyne8BTwZWx3,dual,0.9375,651.4375
short_cue,R_uk8lyne8BTwZWx3,sing,1,554.25
short_cue,R_vMGeXCE2A7fFihP,dual,0.9375,1016.0357142857142
short_cue,R_vMGeXCE2A7fFihP,sing,0.9375,1197.042857142857
short_cue,R_vcRLjOIJganFB5L,dual,1,883.25
short_cue,R_vcRLjOIJganFB5L,sing,0.8125,649.95
short_cue,R_vf2rDe2loSzFI4h,dual,1,1564.669642857143
short_cue,R_vf2rDe2loSzFI4h,sing,0.9375,1837.8035714285716
short_cue,R_voSsFXEsEVlpeMx,dual,0.9375,984.8839285714286
short_cue,R_voSsFXEsEVlpeMx,sing,1,1285.5
short_cue,R_xaQjSryVetgbxMR,dual,0.9375,1265.5
short_cue,R_xaQjSryVetgbxMR,sing,0.9375,1305.2857142857142
short_cue,R_xiuZL8oQedG2nrb,dual,1,741.5
short_cue,R_xiuZL8oQedG2nrb,sing,0.9375,572.9821428571429
short_cue,R_yPWVvpu60ycQ8P7,dual,0.75,975.9833333333333
short_cue,R_yPWVvpu60ycQ8P7,sing,0.875,844.7857142857142
short_cue,R_ykWwfg34VBujl0B,dual,0.9375,967.5446428571429
short_cue,R_ykWwfg34VBujl0B,sing,1,821.875
short_cue,R_z0je8cRGh1eQ8Rb,dual,1,847.125
short_cue,R_z0je8cRGh1eQ8Rb,sing,0.9375,621.0357142857142
short_cue,R_zZ3GrNWCcyKf98B,dual,0.9375,917.0625
short_cue,R_zZ3GrNWCcyKf98B,sing,1,859.75
