subj,task,feature,match,accuracy,RT
1,no_gap,conj,m,1,0.803
1,no_gap,conj,mm,0.875,0.757
1,no_gap,sing,m,1,0.884
1,no_gap,sing,mm,1,0.911
2,no_gap,conj,m,1,1.186
2,no_gap,conj,mm,1,0.793
2,no_gap,sing,m,1,1.208
2,no_gap,sing,mm,1,0.741
3,gap,conj,m,1,0.478
3,gap,conj,mm,1,0.549
3,gap,sing,m,1,0.551
3,gap,sing,mm,1,0.886
4,gap,conj,m,0.875,0.601
4,gap,conj,mm,1,0.665
4,gap,sing,m,1,0.738
4,gap,sing,mm,1,0.922
5,gap,conj,m,1,0.575
5,gap,conj,mm,1,0.725
5,gap,sing,m,0.875,0.722
5,gap,sing,mm,1,1.081
6,gap,conj,m,1,0.503
6,gap,conj,mm,1,0.624
6,gap,sing,m,1,0.523
6,gap,sing,mm,1,0.827
7,gap,conj,m,0.875,0.836
7,gap,conj,mm,0.875,0.835
7,gap,sing,m,1,0.91
7,gap,sing,mm,0.75,1.559
8,no_gap,conj,m,0.875,0.521
8,no_gap,conj,mm,1,0.542
8,no_gap,sing,m,1,0.627
8,no_gap,sing,mm,1,0.551
9,gap,conj,m,0.875,1.042
9,gap,conj,mm,1,1.403
9,gap,sing,m,1,1.515
9,gap,sing,mm,0.875,1.393
10,no_gap,conj,m,0.875,1.539
10,no_gap,conj,mm,1,1.465
10,no_gap,sing,m,1,1.535
10,no_gap,sing,mm,1,1.486
11,gap,conj,m,0.875,0.744
11,gap,conj,mm,1,0.729
11,gap,sing,m,1,0.623
11,gap,sing,mm,0.875,0.647
12,gap,conj,m,1,1.215
12,gap,conj,mm,0.875,1.108
12,gap,sing,m,0.875,0.838
12,gap,sing,mm,1,1.167
13,no_gap,conj,m,0.875,1.239
13,no_gap,conj,mm,1,1.348
13,no_gap,sing,m,0.625,1.096
13,no_gap,sing,mm,0.875,1.059
14,gap,conj,m,1,1.13
14,gap,conj,mm,1,0.906
14,gap,sing,m,0.875,1.027
14,gap,sing,mm,0.875,1.333
15,gap,conj,m,0.875,0.616
15,gap,conj,mm,1,0.647
15,gap,sing,m,1,0.689
15,gap,sing,mm,1,0.63
16,no_gap,conj,m,1,0.669
16,no_gap,conj,mm,1,0.662
16,no_gap,sing,m,1,0.537
16,no_gap,sing,mm,1,0.601
17,no_gap,conj,m,1,1.569
17,no_gap,conj,mm,0,2.602
17,no_gap,sing,m,0.625,0.747
17,no_gap,sing,mm,0.25,0.633
18,gap,conj,m,0.875,0.731
18,gap,conj,mm,0.875,0.791
18,gap,sing,m,0.875,0.642
18,gap,sing,mm,0.875,0.692
19,no_gap,conj,m,1,0.761
19,no_gap,conj,mm,1,0.812
19,no_gap,sing,m,1,1.382
19,no_gap,sing,mm,0.875,1.093
20,no_gap,conj,m,1,1.129
20,no_gap,conj,mm,1,1.582
20,no_gap,sing,m,0.75,0.694
20,no_gap,sing,mm,1,0.729
21,gap,conj,m,0.875,0.78
21,gap,conj,mm,0.875,0.769
21,gap,sing,m,1,0.984
21,gap,sing,mm,1,1.238
22,gap,conj,m,0.8,1.548
22,gap,conj,mm,0.8,1.298
22,gap,sing,m,0.625,1.206
22,gap,sing,mm,1,1.399
23,gap,conj,m,0.75,1.122
23,gap,conj,mm,0.75,1.483
23,gap,sing,m,0.875,0.858
23,gap,sing,mm,1,0.946
24,no_gap,conj,m,1,0.783
24,no_gap,conj,mm,1,0.851
24,no_gap,sing,m,1,0.869
24,no_gap,sing,mm,1,0.742
25,no_gap,conj,m,1,0.834
25,no_gap,conj,mm,1,0.873
25,no_gap,sing,m,1,1.206
25,no_gap,sing,mm,1,2.045
26,no_gap,conj,m,1,1.845
26,no_gap,conj,mm,0.875,1.764
26,no_gap,sing,m,1,0.52
26,no_gap,sing,mm,0.5,0.888
27,gap,conj,m,1,0.441
27,gap,conj,mm,1,0.429
27,gap,sing,m,1,0.845
27,gap,sing,mm,1,0.826
28,gap,conj,m,1,0.844
28,gap,conj,mm,0.875,0.866
28,gap,sing,m,1,1.203
28,gap,sing,mm,1,1.031
29,gap,conj,m,1,0.843
29,gap,conj,mm,0.875,1.075
29,gap,sing,m,1,1.641
29,gap,sing,mm,1,1.738
30,no_gap,conj,m,1,1.984
30,no_gap,conj,mm,1,1.425
30,no_gap,sing,m,0.875,0.852
30,no_gap,sing,mm,1,0.832
31,no_gap,conj,m,1,0.952
31,no_gap,conj,mm,1,0.916
31,no_gap,sing,m,1,1.179
31,no_gap,sing,mm,1,1.169
32,gap,conj,m,1,1.197
32,gap,conj,mm,1,1.221
32,gap,sing,m,0.75,0.844
32,gap,sing,mm,0.875,0.935
33,no_gap,conj,m,1,0.959
33,no_gap,conj,mm,0.875,0.82
33,no_gap,sing,m,1,0.992
33,no_gap,sing,mm,1,1.061
34,no_gap,conj,m,1,1.187
34,no_gap,conj,mm,0.875,1.073
34,no_gap,sing,m,1,0.816
34,no_gap,sing,mm,0.875,0.664
35,gap,conj,m,1,0.612
35,gap,conj,mm,1,0.659
35,gap,sing,m,1,0.592
35,gap,sing,mm,0.875,0.844
36,gap,conj,m,1,0.623
36,gap,conj,mm,0.875,0.571
36,gap,sing,m,1,1.142
36,gap,sing,mm,1,1.123
37,no_gap,conj,m,1,1.292
37,no_gap,conj,mm,1,1.302
37,no_gap,sing,m,1,2.11
37,no_gap,sing,mm,1,1.74
38,no_gap,conj,m,1,2.141
38,no_gap,conj,mm,0.875,2.154
38,no_gap,sing,m,1,0.981
38,no_gap,sing,mm,0.875,1.116
39,no_gap,conj,m,1,1.009
39,no_gap,conj,mm,1,1.281
39,no_gap,sing,m,0.875,0.406
39,no_gap,sing,mm,0.875,0.44
40,gap,conj,m,1,0.697
40,gap,conj,mm,1,0.612
40,gap,sing,m,1,0.914
40,gap,sing,mm,1,0.898
41,gap,conj,m,0.875,0.754
41,gap,conj,mm,1,1.288
41,gap,sing,m,0.875,0.723
41,gap,sing,mm,0.875,0.817
42,gap,conj,m,1,0.605
42,gap,conj,mm,0.875,0.766
42,gap,sing,m,1,0.45
42,gap,sing,mm,1,0.492
43,gap,conj,m,1,0.421
43,gap,conj,mm,1,0.796
43,gap,sing,m,1,0.857
43,gap,sing,mm,1,0.715
44,gap,conj,m,0.875,0.705
44,gap,conj,mm,1,0.673
44,gap,sing,m,1,1.084
44,gap,sing,mm,0.875,0.985
45,no_gap,conj,m,1,0.903
45,no_gap,conj,mm,1,1.142
45,no_gap,sing,m,1,0.452
45,no_gap,sing,mm,1,0.553
46,gap,conj,m,0.875,0.473
46,gap,conj,mm,1,0.489
46,gap,sing,m,1,0.794
46,gap,sing,mm,1,0.972
47,gap,conj,m,0.875,1.32
47,gap,conj,mm,0.75,1.351
47,gap,sing,m,0.875,1.415
47,gap,sing,mm,0.75,0.947
48,gap,conj,m,0.75,1.216
48,gap,conj,mm,1,0.722
48,gap,sing,m,0.5,0.44
48,gap,sing,mm,1,0.497
49,no_gap,conj,m,1,0.602
49,no_gap,conj,mm,0.875,0.613
49,no_gap,sing,m,1,1.228
49,no_gap,sing,mm,1,1.071
50,gap,conj,m,1,0.635
50,gap,conj,mm,0.875,0.704
50,gap,sing,m,0.875,1.059
50,gap,sing,mm,1,0.986
51,gap,conj,m,0.875,1.183
51,gap,conj,mm,1,1.073
51,gap,sing,m,1,0.968
51,gap,sing,mm,0.75,0.941
52,gap,conj,m,0.875,0.916
52,gap,conj,mm,0.875,1.024
52,gap,sing,m,0.875,0.664
52,gap,sing,mm,1,0.938
53,gap,conj,m,0.75,0.572
53,gap,conj,mm,1,0.634
53,gap,sing,m,1,1.033
53,gap,sing,mm,0.875,0.945
54,gap,conj,m,0.75,1.335
54,gap,conj,mm,1,1.012
54,gap,sing,m,1,0.503
54,gap,sing,mm,0.75,0.587
55,gap,conj,m,1,0.614
55,gap,conj,mm,1,0.992
55,gap,sing,m,0.875,1.04
55,gap,sing,mm,1,0.851
56,gap,conj,m,1,0.835
56,gap,conj,mm,1,0.916
56,gap,sing,m,1,0.906
56,gap,sing,mm,1,0.751
57,no_gap,conj,m,1,0.937
57,no_gap,conj,mm,1,1.246
57,no_gap,sing,m,1,0.934
57,no_gap,sing,mm,1,0.942
58,no_gap,conj,m,0.875,1.087
58,no_gap,conj,mm,1,0.967
58,no_gap,sing,m,0.75,1.24
58,no_gap,sing,mm,0.875,1.377
59,no_gap,conj,m,1,1.413
59,no_gap,conj,mm,1,1.404
59,no_gap,sing,m,1,1.341
59,no_gap,sing,mm,0.875,0.958
60,no_gap,conj,m,1,1.168
60,no_gap,conj,mm,0.75,0.937
60,no_gap,sing,m,1,1.443
60,no_gap,sing,mm,0.875,1.103
61,no_gap,conj,m,1,1.149
61,no_gap,conj,mm,1,1.597
61,no_gap,sing,m,0.875,1.412
61,no_gap,sing,mm,0.875,0.983
62,gap,conj,m,1,0.772
62,gap,conj,mm,0.875,0.859
62,gap,sing,m,0.875,0.594
62,gap,sing,mm,1,1.163
63,no_gap,conj,m,1,0.85
63,no_gap,conj,mm,1,0.779
63,no_gap,sing,m,1,0.862
63,no_gap,sing,mm,1,0.833
64,gap,conj,m,1,0.724
64,gap,conj,mm,0.75,0.704
64,gap,sing,m,1,1.081
64,gap,sing,mm,0.625,1.353
65,no_gap,conj,m,1,1.756
65,no_gap,conj,mm,1,1.504
65,no_gap,sing,m,1,1.403
65,no_gap,sing,mm,1,1.922
66,no_gap,conj,m,1,1.338
66,no_gap,conj,mm,1,1.472
66,no_gap,sing,m,1,0.928
66,no_gap,sing,mm,0.875,0.959
67,no_gap,conj,m,0.875,1.137
67,no_gap,conj,mm,1,1.245
67,no_gap,sing,m,1,1.25
67,no_gap,sing,mm,1,1.198
68,gap,conj,m,1,1.552
68,gap,conj,mm,0.875,1.245
68,gap,sing,m,1,0.758
68,gap,sing,mm,0.625,0.628
69,no_gap,conj,m,1,0.846
69,no_gap,conj,mm,1,0.735
69,no_gap,sing,m,1,0.691
69,no_gap,sing,mm,0.875,0.652
70,no_gap,conj,m,1,0.709
70,no_gap,conj,mm,1,0.77
70,no_gap,sing,m,0.875,1.002
70,no_gap,sing,mm,1,0.799
71,gap,conj,m,1,0.876
71,gap,conj,mm,1,0.808
71,gap,sing,m,1,1.548
71,gap,sing,mm,1,1.072
72,gap,conj,m,1,1.066
72,gap,conj,mm,0.75,1.407
72,gap,sing,m,0.875,0.767
72,gap,sing,mm,0.75,0.691
73,gap,conj,m,0.875,0.587
73,gap,conj,mm,0.875,0.57
73,gap,sing,m,0.875,0.98
73,gap,sing,mm,1,1.08
74,no_gap,conj,m,1,1.538
74,no_gap,conj,mm,1,1.41
74,no_gap,sing,m,0.875,0.646
74,no_gap,sing,mm,1,0.924
75,no_gap,conj,m,0.875,0.665
75,no_gap,conj,mm,1,0.882
75,no_gap,sing,m,1,1.204
75,no_gap,sing,mm,0.75,1.364
76,gap,conj,m,0.875,0.92
76,gap,conj,mm,1,1.078
76,gap,sing,m,1,1.5
76,gap,sing,mm,1,1.141
77,no_gap,conj,m,1,1.251
77,no_gap,conj,mm,1,1.373
77,no_gap,sing,m,0.875,0.659
77,no_gap,sing,mm,1,0.712
78,no_gap,conj,m,1,0.797
78,no_gap,conj,mm,1,0.804
78,no_gap,sing,m,1,0.423
78,no_gap,sing,mm,1,0.464
79,no_gap,conj,m,1,0.455
79,no_gap,conj,mm,1,0.472
79,no_gap,sing,m,1,1.468
79,no_gap,sing,mm,1,1.687
80,no_gap,conj,m,1,1.584
80,no_gap,conj,mm,1,1.686
80,no_gap,sing,m,0.875,1.57
80,no_gap,sing,mm,0.875,1.272
81,gap,conj,m,1,1.223
81,gap,conj,mm,1,1.268
81,gap,sing,m,0.875,0.682
81,gap,sing,mm,0.625,0.623
82,gap,conj,m,1,0.918
82,gap,conj,mm,1,0.974
82,gap,sing,m,0.875,1.849
82,gap,sing,mm,0.875,2.195
83,gap,conj,m,0.625,1.661
83,gap,conj,mm,0.875,1.768
83,gap,sing,m,0.75,1.219
83,gap,sing,mm,0.875,1.067
84,no_gap,conj,m,1,1.154
84,no_gap,conj,mm,0.875,1.113
84,no_gap,sing,m,1,0.538
84,no_gap,sing,mm,1,0.657
85,gap,conj,m,1,0.632
85,gap,conj,mm,1,0.909
85,gap,sing,m,1,1.357
85,gap,sing,mm,1,1.578
86,no_gap,conj,m,0.875,1.473
86,no_gap,conj,mm,1,2.018
86,no_gap,sing,m,1,0.609
86,no_gap,sing,mm,1,0.689
87,gap,conj,m,1,0.57
87,gap,conj,mm,1,0.607
87,gap,sing,m,1,1.357
87,gap,sing,mm,1,1.271
88,no_gap,conj,m,0.875,1.747
88,no_gap,conj,mm,0.625,1.099
88,no_gap,sing,m,1,0.85
88,no_gap,sing,mm,0.5,1.068
89,no_gap,conj,m,0.75,1.357
89,no_gap,conj,mm,1,1.519
89,no_gap,sing,m,1,0.725
89,no_gap,sing,mm,0.875,0.684
90,gap,conj,m,1,0.766
90,gap,conj,mm,1,1.052
90,gap,sing,m,1,0.613
90,gap,sing,mm,0.875,0.859
91,gap,conj,m,1,0.564
91,gap,conj,mm,0.875,0.655
91,gap,sing,m,1,0.467
91,gap,sing,mm,1,0.917
92,gap,conj,m,0.875,0.585
92,gap,conj,mm,0.75,0.607
92,gap,sing,m,1,0.688
92,gap,sing,mm,0.75,0.771
93,no_gap,conj,m,1,0.728
93,no_gap,conj,mm,1,1.061
93,no_gap,sing,m,0.875,0.828
93,no_gap,sing,mm,0.875,1.058
94,gap,conj,m,1,0.965
94,gap,conj,mm,1,1.282
94,gap,sing,m,1,0.906
94,gap,sing,mm,0.875,0.766
95,no_gap,conj,m,1,0.952
95,no_gap,conj,mm,1,0.884
95,no_gap,sing,m,0.875,0.523
95,no_gap,sing,mm,0.75,0.49
96,gap,conj,m,1,0.586
96,gap,conj,mm,1,0.805
96,gap,sing,m,0.875,0.558
96,gap,sing,mm,1,0.61
97,gap,conj,m,1,0.649
97,gap,conj,mm,0.875,0.699
97,gap,sing,m,1,0.595
97,gap,sing,mm,0.875,0.6
98,gap,conj,m,1,0.772
98,gap,conj,mm,1,1.014
98,gap,sing,m,0.75,1.046
98,gap,sing,mm,1,0.985
99,no_gap,conj,m,1,1.161
99,no_gap,conj,mm,1,1.725
99,no_gap,sing,m,1,1.342
99,no_gap,sing,mm,0.75,1.392
100,no_gap,conj,m,1,1.146
100,no_gap,conj,mm,1,1.313
100,no_gap,sing,m,0.75,1.873
100,no_gap,sing,mm,0.875,1.873
101,no_gap,conj,m,1,1.801
101,no_gap,conj,mm,0.875,1.974
101,no_gap,sing,m,1,0.727
101,no_gap,sing,mm,1,0.737
102,no_gap,conj,m,1,1.036
102,no_gap,conj,mm,0.875,1.298
102,no_gap,sing,m,1,0.681
102,no_gap,sing,mm,1,1.274
103,gap,conj,m,0.75,0.613
103,gap,conj,mm,0.75,0.88
103,gap,sing,m,1,0.97
103,gap,sing,mm,1,0.898
104,gap,conj,m,0.875,0.768
104,gap,conj,mm,0.625,0.808
104,gap,sing,m,1,0.442
104,gap,sing,mm,1,0.524
105,no_gap,conj,m,1,0.551
105,no_gap,conj,mm,1,0.526
105,no_gap,sing,m,1,0.764
105,no_gap,sing,mm,0.875,0.965
106,gap,conj,m,0.875,0.995
106,gap,conj,mm,1,0.862
106,gap,sing,m,1,0.965
106,gap,sing,mm,0.875,0.904
107,gap,conj,m,0.75,0.794
107,gap,conj,mm,0.875,1.056
107,gap,sing,m,1,0.716
107,gap,sing,mm,0.625,0.968
108,no_gap,conj,m,0.875,1.068
108,no_gap,conj,mm,1,0.894
108,no_gap,sing,m,1,0.661
108,no_gap,sing,mm,1,0.767
109,no_gap,conj,m,1,1.107
109,no_gap,conj,mm,1,0.801
109,no_gap,sing,m,0.875,1.199
109,no_gap,sing,mm,0.875,1.237
110,gap,conj,m,0.875,0.893
110,gap,conj,mm,0.75,1.169
110,gap,sing,m,0.875,1.297
110,gap,sing,mm,0.875,1.092
111,gap,conj,m,1,0.986
111,gap,conj,mm,0.875,1.661
111,gap,sing,m,1,0.852
111,gap,sing,mm,0.625,0.743
112,gap,conj,m,1,0.891
112,gap,conj,mm,1,1.33
112,gap,sing,m,1,1.626
112,gap,sing,mm,0.875,1.567
113,no_gap,conj,m,1,1.542
113,no_gap,conj,mm,1,1.423
113,no_gap,sing,m,0.875,1.438
113,no_gap,sing,mm,1,1.924
114,no_gap,conj,m,1,1.526
114,no_gap,conj,mm,1,1.564
114,no_gap,sing,m,1,0.732
114,no_gap,sing,mm,1,0.58
115,gap,conj,m,0.875,0.84
115,gap,conj,mm,0.875,0.821
115,gap,sing,m,1,0.563
115,gap,sing,mm,0.875,0.664
116,no_gap,conj,m,1,0.768
116,no_gap,conj,mm,1,0.775
116,no_gap,sing,m,1,0.998
116,no_gap,sing,mm,0.875,1.086
117,gap,conj,m,1,1.288
117,gap,conj,mm,0.5,1.19
117,gap,sing,m,1,0.597
117,gap,sing,mm,0.75,0.498
118,gap,conj,m,1,0.448
118,gap,conj,mm,1,0.528
118,gap,sing,m,1,1.216
118,gap,sing,mm,1,1.012
119,no_gap,conj,m,1,1.524
119,no_gap,conj,mm,0.75,1.834
119,no_gap,sing,m,0.75,1.165
119,no_gap,sing,mm,0.875,1.409
120,no_gap,conj,m,0.75,1.262
120,no_gap,conj,mm,1,1.165
120,no_gap,sing,m,0.875,0.577
120,no_gap,sing,mm,1,0.607
121,gap,conj,m,0.875,0.564
121,gap,conj,mm,1,0.631
121,gap,sing,m,0.875,0.556
121,gap,sing,mm,1,0.555
122,gap,conj,m,0.875,0.499
122,gap,conj,mm,0.875,0.539
122,gap,sing,m,1,0.786
122,gap,sing,mm,1,0.898
123,gap,conj,m,1,0.922
123,gap,conj,mm,1,0.948
123,gap,sing,m,0.875,0.973
123,gap,sing,mm,1,0.902
124,gap,conj,m,1,0.746
124,gap,conj,mm,0.875,0.872
124,gap,sing,m,0.75,0.78
124,gap,sing,mm,0.75,1.364
125,gap,conj,m,0.875,0.778
125,gap,conj,mm,1,0.947
125,gap,sing,m,1,1.353
125,gap,sing,mm,1,1.423
126,gap,conj,m,0.875,0.896
126,gap,conj,mm,1,1.285
126,gap,sing,m,0.625,0.619
126,gap,sing,mm,0.75,0.652
127,gap,conj,m,0.75,0.683
127,gap,conj,mm,1,0.962
127,gap,sing,m,0.75,1.361
127,gap,sing,mm,0.625,0.931
128,gap,conj,m,1,0.962
128,gap,conj,mm,0.875,0.865
128,gap,sing,m,1,1.377
128,gap,sing,mm,1,1.511
129,no_gap,conj,m,1,1.71
129,no_gap,conj,mm,1,1.574
129,no_gap,sing,m,1,0.632
129,no_gap,sing,mm,0.75,0.759
130,no_gap,conj,m,1,0.871
130,no_gap,conj,mm,1,0.929
130,no_gap,sing,m,1,1.755
130,no_gap,sing,mm,1,2.167
131,no_gap,conj,m,1,1.497
131,no_gap,conj,mm,0.5,0.982
131,no_gap,sing,m,0.75,0.518
131,no_gap,sing,mm,0.875,0.728
132,gap,conj,m,0.875,0.571
132,gap,conj,mm,1,0.665
132,gap,sing,m,0.875,1.095
132,gap,sing,mm,0.75,1.046
133,no_gap,conj,m,1,0.814
133,no_gap,conj,mm,0.875,1.865
133,no_gap,sing,m,0.625,0.851
133,no_gap,sing,mm,0.625,0.817
134,no_gap,conj,m,1,0.856
134,no_gap,conj,mm,1,0.95
134,no_gap,sing,m,0.875,0.766
134,no_gap,sing,mm,1,0.698
135,no_gap,conj,m,1,0.915
135,no_gap,conj,mm,1,1.031
135,no_gap,sing,m,1,0.467
135,no_gap,sing,mm,1,0.647
136,gap,conj,m,1,0.611
136,gap,conj,mm,1,0.58
136,gap,sing,m,0.875,0.854
136,gap,sing,mm,0.875,1.444
137,gap,conj,m,0.875,1.504
137,gap,conj,mm,1,1.519
137,gap,sing,m,1,1.139
137,gap,sing,mm,0.875,0.896
138,no_gap,conj,m,0.875,0.946
138,no_gap,conj,mm,0.875,1.266
138,no_gap,sing,m,1,1.046
138,no_gap,sing,mm,1,1.313
139,no_gap,conj,m,0.875,1.876
139,no_gap,conj,mm,0.875,1.362
139,no_gap,sing,m,0.875,0.579
139,no_gap,sing,mm,1,0.703
140,gap,conj,m,1,0.878
140,gap,conj,mm,1,0.688
140,gap,sing,m,0.875,0.626
140,gap,sing,mm,0.875,0.663
141,no_gap,conj,m,1,1.007
141,no_gap,conj,mm,1,0.629
141,no_gap,sing,m,1,1.063
141,no_gap,sing,mm,1,0.847
142,no_gap,conj,m,1,0.925
142,no_gap,conj,mm,1,1.071
142,no_gap,sing,m,1,0.631
142,no_gap,sing,mm,1,0.683
143,no_gap,conj,m,1,1.269
143,no_gap,conj,mm,1,0.709
143,no_gap,sing,m,0.875,1.026
143,no_gap,sing,mm,0.875,1.032
144,gap,conj,m,1,0.686
144,gap,conj,mm,1,1.067
144,gap,sing,m,1,1.859
144,gap,sing,mm,1,1.759
145,no_gap,conj,m,0.875,1.216
145,no_gap,conj,mm,1,2.137
145,no_gap,sing,m,0.875,1.001
145,no_gap,sing,mm,1,1.037
146,no_gap,conj,m,1,0.911
146,no_gap,conj,mm,1,1.003
146,no_gap,sing,m,1,0.825
146,no_gap,sing,mm,1,0.915
147,gap,conj,m,0.875,1.3
147,gap,conj,mm,0.75,1.224
147,gap,sing,m,0.875,1.583
147,gap,sing,mm,0.875,1.536
148,gap,conj,m,1,1.21
148,gap,conj,mm,1,1.373
148,gap,sing,m,0.75,0.998
148,gap,sing,mm,0.875,0.852
149,no_gap,conj,m,0.875,1.13
149,no_gap,conj,mm,1,1.181
149,no_gap,sing,m,1,1.547
149,no_gap,sing,mm,1,1.475
150,gap,conj,m,0.75,1.071
150,gap,conj,mm,1,1.105
150,gap,sing,m,1,0.539
150,gap,sing,mm,0.875,0.654
151,gap,conj,m,1,0.626
151,gap,conj,mm,1,0.625
151,gap,sing,m,1,0.748
151,gap,sing,mm,1,0.911
152,no_gap,conj,m,1,1.36
152,no_gap,conj,mm,1,1.217
152,no_gap,sing,m,1,1.033
152,no_gap,sing,mm,1,1.454
153,no_gap,conj,m,0.875,1.121
153,no_gap,conj,mm,0.75,1.206
153,no_gap,sing,m,1,0.843
153,no_gap,sing,mm,1,0.709
154,no_gap,conj,m,1,1.01
154,no_gap,conj,mm,1,1.09
154,no_gap,sing,m,1,0.913
154,no_gap,sing,mm,1,0.76
155,no_gap,conj,m,1,0.965
155,no_gap,conj,mm,1,0.799
155,no_gap,sing,m,1,0.542
155,no_gap,sing,mm,1,0.563
156,no_gap,conj,m,1,0.456
156,no_gap,conj,mm,1,0.518
156,no_gap,sing,m,1,0.924
156,no_gap,sing,mm,0.875,0.756
157,no_gap,conj,m,1,0.961
157,no_gap,conj,mm,1,0.784
157,no_gap,sing,m,1,0.976
157,no_gap,sing,mm,1,1.263
158,gap,conj,m,1,0.67
158,gap,conj,mm,0.75,0.791
158,gap,sing,m,1,1.048
158,gap,sing,mm,1,1.208
159,no_gap,conj,m,0.875,0.978
159,no_gap,conj,mm,1,1.109
159,no_gap,sing,m,1,1.044
159,no_gap,sing,mm,1,1.323
160,gap,conj,m,0.875,0.73
160,gap,conj,mm,1,1.026
160,gap,sing,m,1,0.601
160,gap,sing,mm,1,0.636
161,gap,conj,m,1,0.829
161,gap,conj,mm,1,0.728
161,gap,sing,m,1,0.794
161,gap,sing,mm,0.75,0.619
162,gap,conj,m,1,1.073
162,gap,conj,mm,1,0.85
162,gap,sing,m,0.75,1.506
162,gap,sing,mm,0.875,2.194
163,gap,conj,m,0.875,1.139
163,gap,conj,mm,0.75,1.321
163,gap,sing,m,1,1.321
163,gap,sing,mm,0.875,1.072
164,no_gap,conj,m,1,1.145
164,no_gap,conj,mm,0.875,1.475
164,no_gap,sing,m,0.875,0.841
164,no_gap,sing,mm,0.875,0.756
165,no_gap,conj,m,0.875,0.647
165,no_gap,conj,mm,1,0.826
165,no_gap,sing,m,1,0.468
165,no_gap,sing,mm,1,0.66
166,gap,conj,m,1,0.634
166,gap,conj,mm,1,0.81
166,gap,sing,m,0.625,0.519
166,gap,sing,mm,1,0.985
167,gap,conj,m,0.875,0.649
167,gap,conj,mm,1,0.593
167,gap,sing,m,1,0.55
167,gap,sing,mm,1,0.787
168,no_gap,conj,m,0.875,0.544
168,no_gap,conj,mm,1,0.695
168,no_gap,sing,m,1,1.147
168,no_gap,sing,mm,0.875,1.066
169,no_gap,conj,m,1,0.77
169,no_gap,conj,mm,1,1.218
169,no_gap,sing,m,0.75,0.624
169,no_gap,sing,mm,1,0.831
170,gap,conj,m,1,0.74
170,gap,conj,mm,1,0.789
170,gap,sing,m,1,0.666
170,gap,sing,mm,0.875,0.643
171,no_gap,conj,m,1,0.651
171,no_gap,conj,mm,1,0.692
171,no_gap,sing,m,1,1.064
171,no_gap,sing,mm,0.875,1.476
172,gap,conj,m,0.875,0.828
172,gap,conj,mm,0.875,0.943
172,gap,sing,m,1,0.815
172,gap,sing,mm,1,0.643
173,gap,conj,m,0.875,0.646
173,gap,conj,mm,1,0.666
173,gap,sing,m,1,1.003
173,gap,sing,mm,0.875,0.837
174,gap,conj,m,1,0.877
174,gap,conj,mm,1,1.023
174,gap,sing,m,1,1.346
174,gap,sing,mm,1,1.249
175,no_gap,conj,m,0.75,1.078
175,no_gap,conj,mm,0.875,1.246
175,no_gap,sing,m,0.875,1.457
175,no_gap,sing,mm,1,1.126
176,no_gap,conj,m,0.875,1.38
176,no_gap,conj,mm,1,1.296
176,no_gap,sing,m,0.5,1.332
176,no_gap,sing,mm,0.875,1.07
177,gap,conj,m,1,1.192
177,gap,conj,mm,1,1.11
177,gap,sing,m,1,0.563
177,gap,sing,mm,1,0.821
178,no_gap,conj,m,0.875,0.438
178,no_gap,conj,mm,1,0.532
178,no_gap,sing,m,1,1.498
178,no_gap,sing,mm,0.875,1.635
179,no_gap,conj,m,1,1.019
179,no_gap,conj,mm,1,1.156
179,no_gap,sing,m,1,1.354
179,no_gap,sing,mm,1,0.803
180,gap,conj,m,1,1.118
180,gap,conj,mm,0.875,0.836
180,gap,sing,m,0.875,0.763
180,gap,sing,mm,1,0.845
181,gap,conj,m,1,0.673
181,gap,conj,mm,1,0.737
181,gap,sing,m,1,1.879
181,gap,sing,mm,1,1.701
182,gap,conj,m,1,1.193
182,gap,conj,mm,0.875,1.308
182,gap,sing,m,1,0.465
182,gap,sing,mm,0.75,0.566
183,gap,conj,m,1,0.425
183,gap,conj,mm,1,0.489
183,gap,sing,m,1,1.716
183,gap,sing,mm,1,1.559
184,gap,conj,m,1,1.859
184,gap,conj,mm,1,1.507
184,gap,sing,m,0.875,1.106
184,gap,sing,mm,0.625,1.313
185,gap,conj,m,1,1.468
185,gap,conj,mm,0.875,1.285
185,gap,sing,m,1,0.85
185,gap,sing,mm,0.875,0.652
186,gap,conj,m,1,0.835
186,gap,conj,mm,1,0.788
186,gap,sing,m,0.875,0.59
186,gap,sing,mm,0.625,0.683
187,gap,conj,m,1,0.72
187,gap,conj,mm,0.875,0.809
187,gap,sing,m,1,1.182
187,gap,sing,mm,1,1.242
188,gap,conj,m,1,1.459
188,gap,conj,mm,1,2.019
188,gap,sing,m,0.875,0.587
188,gap,sing,mm,0.875,0.601
189,no_gap,conj,m,0.75,0.551
189,no_gap,conj,mm,1,0.668
189,no_gap,sing,m,1,0.955
189,no_gap,sing,mm,0.625,0.75
190,gap,conj,m,1,0.481
190,gap,conj,mm,0.875,0.671
190,gap,sing,m,1,0.485
190,gap,sing,mm,1,0.549
191,no_gap,conj,m,1,0.487
191,no_gap,conj,mm,1,0.72
191,no_gap,sing,m,0.875,0.517
191,no_gap,sing,mm,1,0.677
192,gap,conj,m,0.875,0.808
192,gap,conj,mm,0.875,0.692
192,gap,sing,m,1,1.66
192,gap,sing,mm,0.75,1.981
193,no_gap,conj,m,1,1.952
193,no_gap,conj,mm,1,1.772
193,no_gap,sing,m,1,1.122
193,no_gap,sing,mm,1,1.048
194,gap,conj,m,0.75,0.917
194,gap,conj,mm,0.875,0.954
194,gap,sing,m,1,0.861
194,gap,sing,mm,0.75,0.586
195,no_gap,conj,m,0.875,0.677
195,no_gap,conj,mm,1,0.814
195,no_gap,sing,m,0.875,0.639
195,no_gap,sing,mm,1,0.729
196,no_gap,conj,m,1,0.663
196,no_gap,conj,mm,1,0.854
196,no_gap,sing,m,1,1.225
196,no_gap,sing,mm,1,1.449
197,gap,conj,m,0.875,1.125
197,gap,conj,mm,0.875,1.266
197,gap,sing,m,1,0.715
197,gap,sing,mm,0.875,0.756
198,no_gap,conj,m,1,0.893
198,no_gap,conj,mm,0.875,0.768
198,no_gap,sing,m,1,0.638
198,no_gap,sing,mm,1,0.805
199,no_gap,conj,m,1,0.709
199,no_gap,conj,mm,0.875,0.587
199,no_gap,sing,m,1,1.108
199,no_gap,sing,mm,0.875,0.929
200,gap,conj,m,0.875,1.324
200,gap,conj,mm,0.75,1.23
200,gap,sing,m,1,0.938
200,gap,sing,mm,0.875,1.66
201,no_gap,conj,m,1,1.388
201,no_gap,conj,mm,0.875,1.876
201,no_gap,sing,m,0.375,0.676
201,no_gap,sing,mm,0.375,0.959
202,no_gap,conj,m,1,0.852
202,no_gap,conj,mm,1,0.996
202,no_gap,sing,m,0.875,0.446
202,no_gap,sing,mm,0.875,0.595
203,gap,conj,m,1,0.53
203,gap,conj,mm,1,0.621
203,gap,sing,m,0.75,0.989
203,gap,sing,mm,0.875,1.227
204,gap,conj,m,0.75,0.75
204,gap,conj,mm,0.875,1.249
204,gap,sing,m,0.5,0.669
204,gap,sing,mm,0.5,0.82
205,no_gap,conj,m,0.875,0.717
205,no_gap,conj,mm,0.875,0.897
205,no_gap,sing,m,0.875,0.788
205,no_gap,sing,mm,0.875,0.958
206,no_gap,conj,m,0.875,0.914
206,no_gap,conj,mm,1,1.052
206,no_gap,sing,m,1,0.737
206,no_gap,sing,mm,1,0.663
207,no_gap,conj,m,1,1.061
207,no_gap,conj,mm,1,1.072
207,no_gap,sing,m,1,0.568
207,no_gap,sing,mm,1,0.505
208,gap,conj,m,0.75,0.648
208,gap,conj,mm,0.875,0.539
208,gap,sing,m,1,0.817
208,gap,sing,mm,1,0.845
209,no_gap,conj,m,1,0.962
209,no_gap,conj,mm,1,0.95
209,no_gap,sing,m,1,1.388
209,no_gap,sing,mm,1,0.908
210,no_gap,conj,m,0.875,0.942
210,no_gap,conj,mm,1,1.227
210,no_gap,sing,m,0.875,1.652
210,no_gap,sing,mm,0.875,1.563
211,no_gap,conj,m,0.875,1.385
211,no_gap,conj,mm,1,1.84
211,no_gap,sing,m,0.625,0.769
211,no_gap,sing,mm,0.875,0.994
212,no_gap,conj,m,1,0.864
212,no_gap,conj,mm,1,0.906
212,no_gap,sing,m,1,0.949
212,no_gap,sing,mm,0.75,1.485
213,no_gap,conj,m,1,1.367
213,no_gap,conj,mm,1,1.365
213,no_gap,sing,m,1,0.843
213,no_gap,sing,mm,0.875,0.913
214,gap,conj,m,1,0.589
214,gap,conj,mm,1,0.958
214,gap,sing,m,1,0.799
214,gap,sing,mm,0.875,1.072
215,no_gap,conj,m,1,1.887
215,no_gap,conj,mm,1,1.205
215,no_gap,sing,m,0.875,0.812
215,no_gap,sing,mm,0.875,0.8
216,gap,conj,m,0.875,0.805
216,gap,conj,mm,1,0.638
216,gap,sing,m,0.875,1.474
216,gap,sing,mm,1,1.092
217,no_gap,conj,m,1,1.289
217,no_gap,conj,mm,1,1.056
217,no_gap,sing,m,0.875,0.925
217,no_gap,sing,mm,1,1.199
218,gap,conj,m,1,0.887
218,gap,conj,mm,1,1.097
218,gap,sing,m,0.75,1.703
218,gap,sing,mm,0.75,1.315
219,no_gap,conj,m,0.875,2.09
219,no_gap,conj,mm,1,1.536
219,no_gap,sing,m,1,2.263
219,no_gap,sing,mm,1,1.785
220,no_gap,conj,m,1,1.707
220,no_gap,conj,mm,0.875,2.116
220,no_gap,sing,m,1,0.68
220,no_gap,sing,mm,1,0.671
221,gap,conj,m,1,0.905
221,gap,conj,mm,1,0.775
221,gap,sing,m,1,1.164
221,gap,sing,mm,1,1.568
222,gap,conj,m,1,1.127
222,gap,conj,mm,1,1.495
222,gap,sing,m,1,1.78
222,gap,sing,mm,0.875,1.252
223,no_gap,conj,m,0.875,1.302
223,no_gap,conj,mm,0.875,1.248
223,no_gap,sing,m,1,1.067
223,no_gap,sing,mm,0.875,1.444
224,no_gap,conj,m,0.875,1.109
224,no_gap,conj,mm,1,1.255
224,no_gap,sing,m,0.875,0.9
224,no_gap,sing,mm,0.875,0.844
225,no_gap,conj,m,1,0.841
225,no_gap,conj,mm,1,1.012
225,no_gap,sing,m,1,0.685
225,no_gap,sing,mm,1,1.075
226,no_gap,conj,m,0.875,1.18
226,no_gap,conj,mm,1,1.116
226,no_gap,sing,m,0.875,0.692
226,no_gap,sing,mm,0.875,0.633
227,no_gap,conj,m,1,0.818
227,no_gap,conj,mm,1,0.63
227,no_gap,sing,m,0.5,1.369
227,no_gap,sing,mm,1,1.392
228,no_gap,conj,m,1,1.492
228,no_gap,conj,mm,1,1.882
228,no_gap,sing,m,1,0.489
228,no_gap,sing,mm,0.875,0.634
229,gap,conj,m,1,0.463
229,gap,conj,mm,0.875,0.538
229,gap,sing,m,1,0.589
229,gap,sing,mm,0.875,0.656
230,gap,conj,m,1,0.721
230,gap,conj,mm,1,1.054
230,gap,sing,m,0.875,0.926
230,gap,sing,mm,1,1.096
231,no_gap,conj,m,1,0.928
231,no_gap,conj,mm,1,0.876
231,no_gap,sing,m,1,0.713
231,no_gap,sing,mm,1,0.692
232,gap,conj,m,0.75,0.73
232,gap,conj,mm,1,1.058
232,gap,sing,m,0.875,0.414
232,gap,sing,mm,1,0.473
233,gap,conj,m,1,0.458
233,gap,conj,mm,1,0.464
233,gap,sing,m,1,0.675
233,gap,sing,mm,1,0.695
234,gap,conj,m,1,0.851
234,gap,conj,mm,0.875,0.982
234,gap,sing,m,1,1.116
234,gap,sing,mm,1,0.858
235,no_gap,conj,m,1,1.415
235,no_gap,conj,mm,1,1.218
235,no_gap,sing,m,1,1.611
235,no_gap,sing,mm,1,1.784
236,no_gap,conj,m,0.875,1.555
236,no_gap,conj,mm,1,1.599
236,no_gap,sing,m,0.875,0.703
236,no_gap,sing,mm,0.875,0.837
237,no_gap,conj,m,1,0.841
237,no_gap,conj,mm,1,0.974
237,no_gap,sing,m,1,0.884
237,no_gap,sing,mm,1,0.683
238,no_gap,conj,m,1,0.573
238,no_gap,conj,mm,1,0.919
238,no_gap,sing,m,1,1.733
238,no_gap,sing,mm,1,1.661
239,gap,conj,m,0.875,1.854
239,gap,conj,mm,1,1.582
239,gap,sing,m,1,0.491
239,gap,sing,mm,0.75,0.418
240,no_gap,conj,m,1,0.889
240,no_gap,conj,mm,1,0.808
240,no_gap,sing,m,0.875,0.956
240,no_gap,sing,mm,0.625,0.861
241,gap,conj,m,0.875,1.061
241,gap,conj,mm,1,0.916
241,gap,sing,m,0.625,1.016
241,gap,sing,mm,1,0.869
242,no_gap,conj,m,1,1.026
242,no_gap,conj,mm,1,1.408
242,no_gap,sing,m,1,0.632
242,no_gap,sing,mm,0.875,0.918
243,gap,conj,m,1,0.992
243,gap,conj,mm,1,0.906
243,gap,sing,m,0.75,0.914
243,gap,sing,mm,0.875,0.61
244,gap,conj,m,1,0.511
244,gap,conj,mm,1,0.73
244,gap,sing,m,1,0.651
244,gap,sing,mm,1,0.624
245,gap,conj,m,0.75,0.471
245,gap,conj,mm,1,0.717
245,gap,sing,m,1,1.013
245,gap,sing,mm,0.875,1.111
246,gap,conj,m,0.75,0.722
246,gap,conj,mm,1,1.192
246,gap,sing,m,0.875,0.858
246,gap,sing,mm,0.5,0.752
247,no_gap,conj,m,1,0.603
247,no_gap,conj,mm,1,0.856
247,no_gap,sing,m,1,1.154
247,no_gap,sing,mm,1,1.546
248,no_gap,conj,m,1,0.982
248,no_gap,conj,mm,0.75,1.027
248,no_gap,sing,m,0.75,0.694
248,no_gap,sing,mm,0.75,0.631
249,gap,conj,m,0.875,0.601
249,gap,conj,mm,1,0.568
249,gap,sing,m,1,1.355
249,gap,sing,mm,1,1.176
250,gap,conj,m,0.75,0.874
250,gap,conj,mm,0.875,1.035
250,gap,sing,m,1,0.76
250,gap,sing,mm,0.875,0.829
251,no_gap,conj,m,1,0.852
251,no_gap,conj,mm,1,0.739
251,no_gap,sing,m,1,0.461
251,no_gap,sing,mm,0.875,0.596
252,gap,conj,m,0.875,0.677
252,gap,conj,mm,1,0.623
252,gap,sing,m,0.875,1.269
252,gap,sing,mm,0.875,0.905
253,no_gap,conj,m,0.875,1.012
253,no_gap,conj,mm,1,0.983
253,no_gap,sing,m,0.875,0.803
253,no_gap,sing,mm,1,0.766
254,gap,conj,m,0.875,0.635
254,gap,conj,mm,1,0.766
254,gap,sing,m,0.75,0.724
254,gap,sing,mm,1,1.105
255,gap,conj,m,1,0.642
255,gap,conj,mm,1,1.029
255,gap,sing,m,1,2.211
255,gap,sing,mm,1,2.342
256,gap,conj,m,0.875,2.369
256,gap,conj,mm,1,2.467
256,gap,sing,m,0.875,0.966
256,gap,sing,mm,1,0.964
257,gap,conj,m,1,0.942
257,gap,conj,mm,0.25,1.049
257,gap,sing,m,1,1.062
257,gap,sing,mm,0.875,0.834
258,gap,conj,m,1,0.991
258,gap,conj,mm,0.875,1.161
258,gap,sing,m,1,0.617
258,gap,sing,mm,0.75,0.791
259,gap,conj,m,1,0.555
259,gap,conj,mm,0.5,0.747
259,gap,sing,m,1,1.207
259,gap,sing,mm,0.875,1.362
260,no_gap,conj,m,0.875,1.359
260,no_gap,conj,mm,1,1.434
260,no_gap,sing,m,1,1.225
260,no_gap,sing,mm,1,1.365
261,no_gap,conj,m,1,0.857
261,no_gap,conj,mm,0.875,1.267
261,no_gap,sing,m,1,1.522
261,no_gap,sing,mm,1,1.14
262,gap,conj,m,1,0.978
262,gap,conj,mm,0.875,0.944
262,gap,sing,m,1,1.32
262,gap,sing,mm,1,1.069
263,no_gap,conj,m,0.875,1.115
263,no_gap,conj,mm,1,1.336
263,no_gap,sing,m,1,0.582
263,no_gap,sing,mm,0.875,0.594
264,no_gap,conj,m,1,0.57
264,no_gap,conj,mm,1,0.628
264,no_gap,sing,m,1,1.056
264,no_gap,sing,mm,1,0.92
265,no_gap,conj,m,0.875,1.605
265,no_gap,conj,mm,1,1.414
265,no_gap,sing,m,0.625,0.782
265,no_gap,sing,mm,0.875,0.709
266,no_gap,conj,m,0.875,0.95
266,no_gap,conj,mm,1,0.995
266,no_gap,sing,m,1,0.608
266,no_gap,sing,mm,1,0.619
267,gap,conj,m,0.875,0.69
267,gap,conj,mm,0.875,0.672
267,gap,sing,m,0.875,0.447
267,gap,sing,mm,1,0.532
268,gap,conj,m,1,0.498
268,gap,conj,mm,1,0.616
268,gap,sing,m,0.625,1.068
268,gap,sing,mm,0.875,1.278
269,gap,conj,m,0.875,1.149
269,gap,conj,mm,0.875,1.057
269,gap,sing,m,1,0.602
269,gap,sing,mm,0.875,1.228
270,gap,conj,m,0.75,1.108
270,gap,conj,mm,1,0.866
270,gap,sing,m,0.875,1.407
270,gap,sing,mm,0.5,0.32
271,gap,conj,m,0,1.371
271,gap,conj,mm,0.875,0.844
271,gap,sing,m,0.375,0.835
271,gap,sing,mm,0.625,1.309
272,no_gap,conj,m,0.875,0.9
272,no_gap,conj,mm,0.875,0.593
272,no_gap,sing,m,0.625,0.662
272,no_gap,sing,mm,1,0.673
273,gap,conj,m,1,0.757
273,gap,conj,mm,1,0.546
273,gap,sing,m,1,0.601
273,gap,sing,mm,0.875,0.594
274,no_gap,conj,m,1,0.597
274,no_gap,conj,mm,1,2.225
274,no_gap,sing,m,1,2.564
274,no_gap,sing,mm,1,2.186
275,no_gap,conj,m,1,2.104
275,no_gap,conj,mm,1,1.453
275,no_gap,sing,m,0.875,1.886
275,no_gap,sing,mm,1,0.971
276,gap,conj,m,0.75,1.793
276,gap,conj,mm,0.75,1.073
276,gap,sing,m,0.75,1.271
276,gap,sing,mm,0.25,1.327
277,no_gap,conj,m,1,1.587
277,no_gap,conj,mm,1,0.907
277,no_gap,sing,m,1,0.895
277,no_gap,sing,mm,1,0.555
278,gap,conj,m,1,0.572
278,gap,conj,mm,0.875,0.539
278,gap,sing,m,0.875,0.712
278,gap,sing,mm,0.75,0.813
279,no_gap,conj,m,1,0.661
279,no_gap,conj,mm,1,0.416
279,no_gap,sing,m,1,0.518
279,no_gap,sing,mm,1,0.363
280,no_gap,conj,m,1,0.502
280,no_gap,conj,mm,1,1.393
280,no_gap,sing,m,1,1.001
280,no_gap,sing,mm,1,1.476
281,no_gap,conj,m,0.75,1.482
281,no_gap,conj,mm,0.875,0.706
281,no_gap,sing,m,1,0.733
281,no_gap,sing,mm,1,0.852
282,no_gap,conj,m,1,1.116
282,no_gap,conj,mm,1,1.589
282,no_gap,sing,m,1,1.444
282,no_gap,sing,mm,1,1.308
283,gap,conj,m,1,1.886
283,gap,conj,mm,1,0.85
283,gap,sing,m,0.875,0.836
283,gap,sing,mm,0.875,0.754
284,no_gap,conj,m,0.875,0.851
284,no_gap,conj,mm,1,0.801
284,no_gap,sing,m,1,1.26
284,no_gap,sing,mm,1,0.705
285,gap,conj,m,0.875,0.858
285,gap,conj,mm,0.875,1.294
285,gap,sing,m,1,1.161
285,gap,sing,mm,0.75,0.885
286,no_gap,conj,m,1,1.232
286,no_gap,conj,mm,0.875,0.513
286,no_gap,sing,m,1,0.475
286,no_gap,sing,mm,0.875,0.415
287,gap,conj,m,0.75,0.463
287,gap,conj,mm,0.875,1.499
287,gap,sing,m,0.875,1.486
287,gap,sing,mm,1,1.837
288,gap,conj,m,1,1.43
288,gap,conj,mm,1,0.742
288,gap,sing,m,0.875,0.844
288,gap,sing,mm,0.625,0.596
289,gap,conj,m,0.875,0.952
289,gap,conj,mm,0.875,0.437
289,gap,sing,m,1,0.526
289,gap,sing,mm,1,0.613
290,gap,conj,m,1,0.596
290,gap,conj,mm,0.875,1.108
290,gap,sing,m,1,1.109
290,gap,sing,mm,1,1.295
291,no_gap,conj,m,1,1.003
291,no_gap,conj,mm,0.75,2.425
291,no_gap,sing,m,1,2.156
291,no_gap,sing,mm,0.875,1.361
292,gap,conj,m,0.75,0.975
292,gap,conj,mm,1,0.968
292,gap,sing,m,0.875,0.884
292,gap,sing,mm,0.5,1.18
293,no_gap,conj,m,1,0.62
293,no_gap,conj,mm,1,0.881
293,no_gap,sing,m,1,0.769
293,no_gap,sing,mm,0.875,0.833
294,gap,conj,m,0.75,0.832
294,gap,conj,mm,1,1.243
294,gap,sing,m,1,0.823
294,gap,sing,mm,1,0.862
295,gap,conj,m,0.75,1.403
295,gap,conj,mm,0.875,0.878
295,gap,sing,m,1,1.331
295,gap,sing,mm,1,1.283
296,gap,conj,m,0.875,2.227
296,gap,conj,mm,1,2.35
296,gap,sing,m,0.875,2.286
296,gap,sing,mm,0.875,2.378
297,no_gap,conj,m,1,0.645
297,no_gap,conj,mm,1,0.512
297,no_gap,sing,m,1,0.58
297,no_gap,sing,mm,1,0.612
298,gap,conj,m,1,0.694
298,gap,conj,mm,1,0.829
298,gap,sing,m,1,0.693
298,gap,sing,mm,1,0.904
299,no_gap,conj,m,1,0.75
299,no_gap,conj,mm,1,0.754
299,no_gap,sing,m,1,0.952
299,no_gap,sing,mm,0.875,0.783
300,no_gap,conj,m,1,0.964
300,no_gap,conj,mm,1,1.177
300,no_gap,sing,m,1,0.772
300,no_gap,sing,mm,0.875,0.799
301,gap,conj,m,1,0.704
301,gap,conj,mm,1,0.662
301,gap,sing,m,1,0.764
301,gap,sing,mm,1,0.705
302,gap,conj,m,0.875,0.562
302,gap,conj,mm,1,0.741
302,gap,sing,m,1,0.565
302,gap,sing,mm,0.75,0.543
303,gap,conj,m,1,1.173
303,gap,conj,mm,0.875,0.859
303,gap,sing,m,1,1.1
303,gap,sing,mm,1,1.294
304,gap,conj,m,1,0.963
304,gap,conj,mm,0.875,0.803
304,gap,sing,m,0.875,0.679
304,gap,sing,mm,1,0.62
305,gap,conj,m,1,1.157
305,gap,conj,mm,1,0.966
305,gap,sing,m,1,1.276
305,gap,sing,mm,0.625,1.319
306,no_gap,conj,m,1,1.995
306,no_gap,conj,mm,1,1.401
306,no_gap,sing,m,1,2.167
306,no_gap,sing,mm,0.875,2.067
307,no_gap,conj,m,1,1.279
307,no_gap,conj,mm,0.875,1.851
307,no_gap,sing,m,1,1.818
307,no_gap,sing,mm,1,1.858
308,gap,conj,m,1,0.961
308,gap,conj,mm,1,0.902
308,gap,sing,m,0.875,0.977
308,gap,sing,mm,1,1.04
309,no_gap,conj,m,0.875,0.925
309,no_gap,conj,mm,1,1.045
309,no_gap,sing,m,1,1.228
309,no_gap,sing,mm,1,1.343
310,gap,conj,m,0.875,1.269
310,gap,conj,mm,1,1.262
310,gap,sing,m,1,1.375
310,gap,sing,mm,1,1.236
311,gap,conj,m,0.875,0.69
311,gap,conj,mm,1,0.71
311,gap,sing,m,0.875,0.767
311,gap,sing,mm,1,0.769
312,no_gap,conj,m,1,0.857
312,no_gap,conj,mm,1,0.626
312,no_gap,sing,m,1,0.565
312,no_gap,sing,mm,1,0.581
313,gap,conj,m,1,0.774
313,gap,conj,mm,1,0.707
313,gap,sing,m,1,0.818
313,gap,sing,mm,0.875,0.91
314,no_gap,conj,m,1,1.06
314,no_gap,conj,mm,0.875,0.892
314,no_gap,sing,m,0.875,0.721
314,no_gap,sing,mm,1,0.969
315,gap,conj,m,0.625,0.775
315,gap,conj,mm,0.875,1.16
315,gap,sing,m,0.875,0.855
315,gap,sing,mm,0.875,0.789
316,gap,conj,m,0.875,1.12
316,gap,conj,mm,1,0.962
316,gap,sing,m,1,0.844
316,gap,sing,mm,1,1.161
317,no_gap,conj,m,1,0.601
317,no_gap,conj,mm,1,0.923
317,no_gap,sing,m,1,0.915
317,no_gap,sing,mm,1,0.938
318,no_gap,conj,m,1,1.035
318,no_gap,conj,mm,1,0.659
318,no_gap,sing,m,1,0.491
318,no_gap,sing,mm,0.875,0.751
319,gap,conj,m,1,0.92
319,gap,conj,mm,1,0.914
319,gap,sing,m,0.875,0.905
319,gap,sing,mm,1,0.814
320,gap,conj,m,0.875,0.703
320,gap,conj,mm,1,0.616
320,gap,sing,m,1,0.723
320,gap,sing,mm,1,0.727
321,no_gap,conj,m,1,0.855
321,no_gap,conj,mm,1,0.795
321,no_gap,sing,m,0.875,0.644
321,no_gap,sing,mm,1,0.589
322,gap,conj,m,1,0.788
322,gap,conj,mm,1,0.85
322,gap,sing,m,0.875,0.95
322,gap,sing,mm,1,1.448
323,no_gap,conj,m,1,0.848
323,no_gap,conj,mm,1,1.202
323,no_gap,sing,m,1,1.112
323,no_gap,sing,mm,0.875,1.016
324,no_gap,conj,m,1,1.169
324,no_gap,conj,mm,1,1.085
324,no_gap,sing,m,1,1.096
324,no_gap,sing,mm,1,1.272
325,no_gap,conj,m,1,0.568
325,no_gap,conj,mm,1,0.654
325,no_gap,sing,m,0.875,1.408
325,no_gap,sing,mm,0.875,1.399
326,no_gap,conj,m,0.75,0.458
326,no_gap,conj,mm,1,0.513
326,no_gap,sing,m,1,0.645
326,no_gap,sing,mm,1,1
327,no_gap,conj,m,0.875,1.057
327,no_gap,conj,mm,1,0.841
327,no_gap,sing,m,1,1.104
327,no_gap,sing,mm,0.875,1.002
328,no_gap,conj,m,1,0.768
328,no_gap,conj,mm,1,0.958
328,no_gap,sing,m,1,0.909
328,no_gap,sing,mm,1,0.821
329,gap,conj,m,1,1.296
329,gap,conj,mm,0.875,1.574
329,gap,sing,m,0.875,1.264
329,gap,sing,mm,1,1.021
330,no_gap,conj,m,1,0.904
330,no_gap,conj,mm,1,0.832
330,no_gap,sing,m,0.875,0.722
330,no_gap,sing,mm,1,0.785
331,gap,conj,m,1,0.65
331,gap,conj,mm,0.875,0.642
331,gap,sing,m,1,0.727
331,gap,sing,mm,0.875,0.644
332,no_gap,conj,m,1,0.711
332,no_gap,conj,mm,1,0.751
332,no_gap,sing,m,1,0.585
332,no_gap,sing,mm,1,0.652
333,gap,conj,m,1,0.761
333,gap,conj,mm,0.875,1.051
333,gap,sing,m,0.875,1.136
333,gap,sing,mm,1,0.789
334,gap,conj,m,1,0.572
334,gap,conj,mm,0.875,0.54
334,gap,sing,m,0.875,0.479
334,gap,sing,mm,1,0.772
335,no_gap,conj,m,1,1.117
335,no_gap,conj,mm,1,1.312
335,no_gap,sing,m,1,1.991
335,no_gap,sing,mm,1,1.503
336,no_gap,conj,m,1,0.815
336,no_gap,conj,mm,0.875,0.913
336,no_gap,sing,m,0.25,1.09
336,no_gap,sing,mm,1,1.16
337,no_gap,conj,m,1,0.758
337,no_gap,conj,mm,1,0.575
337,no_gap,sing,m,1,0.51
337,no_gap,sing,mm,1,0.593
338,no_gap,conj,m,1,1.093
338,no_gap,conj,mm,1,1.163
338,no_gap,sing,m,0.875,1.026
338,no_gap,sing,mm,0.875,1.263
339,gap,conj,m,1,1.062
339,gap,conj,mm,0.875,1.265
339,gap,sing,m,0.875,0.83
339,gap,sing,mm,0.625,1.061
340,no_gap,conj,m,1,0.81
340,no_gap,conj,mm,1,0.868
340,no_gap,sing,m,1,0.716
340,no_gap,sing,mm,1,0.828
341,gap,conj,m,0.875,0.435
341,gap,conj,mm,1,0.498
341,gap,sing,m,0.875,0.49
341,gap,sing,mm,1,0.529
342,gap,conj,m,1,1.008
342,gap,conj,mm,1,0.946
342,gap,sing,m,1,0.878
342,gap,sing,mm,1,0.868
343,gap,conj,m,1,0.522
343,gap,conj,mm,1,0.529
343,gap,sing,m,0.875,0.741
343,gap,sing,mm,0.625,0.768
344,no_gap,conj,m,1,1.133
344,no_gap,conj,mm,1,1.081
344,no_gap,sing,m,1,1.341
344,no_gap,sing,mm,1,1.214
345,gap,conj,m,0.875,0.929
345,gap,conj,mm,1,1.258
345,gap,sing,m,1,0.89
345,gap,sing,mm,0.75,0.952
346,no_gap,conj,m,1,0.656
346,no_gap,conj,mm,0.875,0.651
346,no_gap,sing,m,1,0.754
346,no_gap,sing,mm,1,0.878
347,gap,conj,m,0.875,1.109
347,gap,conj,mm,0.75,1.155
347,gap,sing,m,1,1.427
347,gap,sing,mm,1,1.331
348,no_gap,conj,m,1,1.345
348,no_gap,conj,mm,1,1.137
348,no_gap,sing,m,1,0.884
348,no_gap,sing,mm,0.75,1.234
349,gap,conj,m,0.5,1.984
349,gap,conj,mm,0.75,2.501
349,gap,sing,m,1,2.307
349,gap,sing,mm,0.875,2.135
350,gap,conj,m,1,0.662
350,gap,conj,mm,0.625,0.647
350,gap,sing,m,1,0.885
350,gap,sing,mm,1,0.791
351,gap,conj,m,0.875,0.751
351,gap,conj,mm,1,0.749
351,gap,sing,m,1,0.613
351,gap,sing,mm,0.875,0.647
352,no_gap,conj,m,1,0.833
352,no_gap,conj,mm,1,0.781
352,no_gap,sing,m,0.75,0.564
352,no_gap,sing,mm,1,0.67
353,gap,conj,m,0.875,0.681
353,gap,conj,mm,0.875,0.752
353,gap,sing,m,1,0.77
353,gap,sing,mm,0.875,0.784
354,no_gap,conj,m,1,1.384
354,no_gap,conj,mm,1,1.454
354,no_gap,sing,m,1,1.023
354,no_gap,sing,mm,1,1.205
355,no_gap,conj,m,1,1.283
355,no_gap,conj,mm,1,1.435
355,no_gap,sing,m,1,1.292
355,no_gap,sing,mm,1,1.542
356,no_gap,conj,m,1,0.428
356,no_gap,conj,mm,1,0.524
356,no_gap,sing,m,0.875,0.54
356,no_gap,sing,mm,0.75,0.472
357,no_gap,conj,m,1,0.593
357,no_gap,conj,mm,1,0.735
357,no_gap,sing,m,0.875,0.78
357,no_gap,sing,mm,1,0.73
358,no_gap,conj,m,0.875,0.421
358,no_gap,conj,mm,1,0.486
358,no_gap,sing,m,1,0.576
358,no_gap,sing,mm,0.875,0.65
359,gap,conj,m,1,0.673
359,gap,conj,mm,0.875,0.641
359,gap,sing,m,0.875,0.618
359,gap,sing,mm,1,0.868
360,no_gap,conj,m,1,1.052
360,no_gap,conj,mm,1,1.024
360,no_gap,sing,m,0.875,1.085
360,no_gap,sing,mm,0.875,0.919
361,gap,conj,m,1,0.702
361,gap,conj,mm,0.875,0.604
361,gap,sing,m,0.625,0.525
361,gap,sing,mm,0.875,0.729
362,no_gap,conj,m,1,0.772
362,no_gap,conj,mm,1,0.693
362,no_gap,sing,m,0.75,0.865
362,no_gap,sing,mm,0.75,0.848
363,no_gap,conj,m,1,0.545
363,no_gap,conj,mm,1,0.611
363,no_gap,sing,m,1,0.732
363,no_gap,sing,mm,1,0.743
364,no_gap,conj,m,1,1.174
364,no_gap,conj,mm,1,1.112
364,no_gap,sing,m,1,1.181
364,no_gap,sing,mm,0.875,1.611
365,no_gap,conj,m,1,1.081
365,no_gap,conj,mm,1,1.354
365,no_gap,sing,m,0.875,0.803
365,no_gap,sing,mm,1,1.17
366,no_gap,conj,m,1,0.802
366,no_gap,conj,mm,0.875,0.896
366,no_gap,sing,m,0.875,0.817
366,no_gap,sing,mm,1,0.942
367,no_gap,conj,m,1,0.702
367,no_gap,conj,mm,1,0.88
367,no_gap,sing,m,1,0.582
367,no_gap,sing,mm,1,0.55
368,gap,conj,m,1,0.956
368,gap,conj,mm,1,0.677
368,gap,sing,m,1,0.782
368,gap,sing,mm,1,1.17
369,gap,conj,m,1,0.817
369,gap,conj,mm,0.875,1.1
369,gap,sing,m,1,1.258
369,gap,sing,mm,1,1.767
370,gap,conj,m,1,1.659
370,gap,conj,mm,1,2.023
370,gap,sing,m,1,1.283
370,gap,sing,mm,0.875,1.498
371,gap,conj,m,1,0.79
371,gap,conj,mm,0.875,0.887
371,gap,sing,m,1,0.97
371,gap,sing,mm,0.75,0.983
372,no_gap,conj,m,1,0.609
372,no_gap,conj,mm,1,0.718
372,no_gap,sing,m,1,0.793
372,no_gap,sing,mm,1,0.729
373,no_gap,conj,m,0.875,1.175
373,no_gap,conj,mm,1,0.843
373,no_gap,sing,m,1,0.855
373,no_gap,sing,mm,1,0.988
374,gap,conj,m,0.875,0.723
374,gap,conj,mm,0.625,0.71
374,gap,sing,m,0.875,0.646
374,gap,sing,mm,1,0.735
375,no_gap,conj,m,1,0.969
375,no_gap,conj,mm,1,0.874
375,no_gap,sing,m,1,1.173
375,no_gap,sing,mm,1,1.112
376,gap,conj,m,0.875,0.755
376,gap,conj,mm,1,0.724
376,gap,sing,m,0.875,0.561
376,gap,sing,mm,0.875,1.036
377,gap,conj,m,1,1.233
377,gap,conj,mm,0.75,2.075
377,gap,sing,m,0.875,2.072
377,gap,sing,mm,0.75,1.677
378,no_gap,conj,m,1,0.577
378,no_gap,conj,mm,1,0.574
378,no_gap,sing,m,1,0.606
378,no_gap,sing,mm,1,0.877
379,no_gap,conj,m,1,0.685
379,no_gap,conj,mm,0.875,0.676
379,no_gap,sing,m,1,1.026
379,no_gap,sing,mm,1,1.071
380,gap,conj,m,0.75,0.827
380,gap,conj,mm,1,1.153
380,gap,sing,m,0.875,0.737
380,gap,sing,mm,0.625,0.889
381,no_gap,conj,m,1,0.713
381,no_gap,conj,mm,1,0.724
381,no_gap,sing,m,1,0.67
381,no_gap,sing,mm,0.875,0.661
382,no_gap,conj,m,0.875,0.441
382,no_gap,conj,mm,1,0.456
382,no_gap,sing,m,1,0.532
382,no_gap,sing,mm,1,0.592
383,no_gap,conj,m,1,0.871
383,no_gap,conj,mm,1,0.754
383,no_gap,sing,m,1,0.972
383,no_gap,sing,mm,1,1.016
384,no_gap,conj,m,0.875,1.513
384,no_gap,conj,mm,1,1.44
384,no_gap,sing,m,0.875,1.378
384,no_gap,sing,mm,1,1.248
385,gap,conj,m,0.625,0.539
385,gap,conj,mm,1,0.645
385,gap,sing,m,0.75,0.578
385,gap,sing,mm,1,0.711
386,no_gap,conj,m,1,0.803
386,no_gap,conj,mm,1,0.821
386,no_gap,sing,m,1,0.684
386,no_gap,sing,mm,1,0.727
387,no_gap,conj,m,1,0.678
387,no_gap,conj,mm,1,0.741
387,no_gap,sing,m,1,1.098
387,no_gap,sing,mm,1,1.033
388,no_gap,conj,m,1,0.832
388,no_gap,conj,mm,1,0.788
388,no_gap,sing,m,0.875,0.922
388,no_gap,sing,mm,1,1.045
389,gap,conj,m,1,0.667
389,gap,conj,mm,0.75,0.874
389,gap,sing,m,0.875,0.639
389,gap,sing,mm,0.875,1.296
390,gap,conj,m,1,0.977
390,gap,conj,mm,0.875,0.908
390,gap,sing,m,0.375,1.169
390,gap,sing,mm,1,1.252
391,no_gap,conj,m,1,1.065
391,no_gap,conj,mm,1,1.146
391,no_gap,sing,m,1,1.021
391,no_gap,sing,mm,1,1.333
392,gap,conj,m,0.75,0.93
392,gap,conj,mm,1,1.163
392,gap,sing,m,1,1.193
392,gap,sing,mm,1,1.252
393,no_gap,conj,m,0.875,0.988
393,no_gap,conj,mm,0.875,0.788
393,no_gap,sing,m,0.875,0.796
393,no_gap,sing,mm,1,1.094
394,no_gap,conj,m,1,0.585
394,no_gap,conj,mm,1,0.771
394,no_gap,sing,m,0.875,0.728
394,no_gap,sing,mm,1,0.73
395,no_gap,conj,m,1,1.522
395,no_gap,conj,mm,1,1.269
395,no_gap,sing,m,0.375,1.171
395,no_gap,sing,mm,0.875,1.234
396,gap,conj,m,0.875,0.522
396,gap,conj,mm,1,0.644
396,gap,sing,m,1,0.714
396,gap,sing,mm,1,0.842
397,no_gap,conj,m,1,0.421
397,no_gap,conj,mm,1,0.691
397,no_gap,sing,m,1,0.658
397,no_gap,sing,mm,1,0.652
398,no_gap,conj,m,1,0.767
398,no_gap,conj,mm,1,0.584
398,no_gap,sing,m,1,0.686
398,no_gap,sing,mm,1,0.775
399,no_gap,conj,m,1,0.807
399,no_gap,conj,mm,1,0.6
399,no_gap,sing,m,1,0.573
399,no_gap,sing,mm,1,0.581
400,gap,conj,m,0.75,0.659
400,gap,conj,mm,1,0.72
400,gap,sing,m,1,0.855
400,gap,sing,mm,1,0.971
401,no_gap,conj,m,0.875,0.444
401,no_gap,conj,mm,0.75,0.509
401,no_gap,sing,m,1,0.501
401,no_gap,sing,mm,1,0.495
402,no_gap,conj,m,1,1.15
402,no_gap,conj,mm,1,1.069
402,no_gap,sing,m,1,1.304
402,no_gap,sing,mm,1,1.107
403,no_gap,conj,m,1,1.245
403,no_gap,conj,mm,0.875,1.737
403,no_gap,sing,m,1,1.948
403,no_gap,sing,mm,1,1.584
404,no_gap,conj,m,0.875,1.184
404,no_gap,conj,mm,1,1.193
404,no_gap,sing,m,1,0.813
404,no_gap,sing,mm,1,0.807
405,gap,conj,m,0.75,0.973
405,gap,conj,mm,1,0.86
405,gap,sing,m,0.571,1.505
405,gap,sing,mm,0.6,1.318
406,gap,conj,m,1,0.458
406,gap,conj,mm,1,0.782
406,gap,sing,m,1,0.488
406,gap,sing,mm,1,0.795
407,gap,conj,m,0.875,1.275
407,gap,conj,mm,1,1.604
407,gap,sing,m,0.875,1.685
407,gap,sing,mm,0.875,1.735
408,no_gap,conj,m,1,1.536
408,no_gap,conj,mm,0.875,1.276
408,no_gap,sing,m,1,1.673
408,no_gap,sing,mm,1,1.443
409,gap,conj,m,1,0.457
409,gap,conj,mm,1,0.516
409,gap,sing,m,0.875,0.545
409,gap,sing,mm,0.875,0.586
410,no_gap,conj,m,1,
410,no_gap,conj,mm,1,
410,no_gap,sing,m,1,
410,no_gap,sing,mm,1,
