subj,task,feature,match,RT_dual,RT_sing
R_08x3yfNtCFtgBYl,no_gap,conj,m,1.873,1.801
R_08x3yfNtCFtgBYl,no_gap,conj,mm,1.873,1.974
R_0OmSAzFURsT3hND,no_gap,conj,m,0.727,1.036
R_0OmSAzFURsT3hND,no_gap,conj,mm,0.737,1.298
R_302H874OqnSbmug,gap,conj,m,0.681,0.613
R_302H874OqnSbmug,gap,conj,mm,1.274,0.88
R_3061vbhI41l7m5V,gap,conj,mm,0.898,0.768
R_3061vbhI41l7m5V,gap,conj,m,0.97,0.808
R_31HQAyCP0raT1FV,no_gap,conj,m,0.442,0.526
R_31HQAyCP0raT1FV,no_gap,conj,mm,0.524,0.551
R_31zRT6XRWDLt6XR,gap,conj,m,0.764,0.862
R_31zRT6XRWDLt6XR,gap,conj,mm,0.965,0.995
R_325E8Zcstn7PYYf,gap,conj,mm,0.904,0.794
R_325E8Zcstn7PYYf,gap,conj,m,0.965,1.056
R_32Ph5gf2egyE3BQ,no_gap,conj,m,0.716,0.894
R_32Ph5gf2egyE3BQ,no_gap,conj,mm,0.968,1.068
R_32SfLOnCsAkGpkr,no_gap,conj,m,0.661,0.801
R_32SfLOnCsAkGpkr,no_gap,conj,mm,0.767,1.107
R_32X7zIltyrBl2XJ,gap,conj,m,1.199,0.893
R_32X7zIltyrBl2XJ,gap,conj,mm,1.237,1.169
R_33gvmuPR94pwSQR,gap,conj,mm,1.092,0.986
R_33gvmuPR94pwSQR,gap,conj,m,1.297,1.661
R_33wriurPRqAICJQ,gap,conj,mm,0.743,0.891
R_33wriurPRqAICJQ,gap,conj,m,0.852,1.33
R_389Zio7QxIjX2Gl,no_gap,conj,mm,1.567,1.423
R_389Zio7QxIjX2Gl,no_gap,conj,m,1.626,1.542
R_3CE2psUILAye8Gw,no_gap,conj,m,1.438,1.526
R_3CE2psUILAye8Gw,no_gap,conj,mm,1.924,1.564
R_3CH6GYzeXMmQ3BR,gap,conj,mm,0.58,0.821
R_3CH6GYzeXMmQ3BR,gap,conj,m,0.732,0.84
R_3CQ5KT4CZBYWAlC,no_gap,conj,m,0.563,0.768
R_3CQ5KT4CZBYWAlC,no_gap,conj,mm,0.664,0.775
R_3dG1KAXAFwYYSNa,no_gap,conj,mm,1.072,1.145
R_3dG1KAXAFwYYSNa,no_gap,conj,m,1.321,1.475
R_3dYB6FtZaYKmnQI,no_gap,conj,mm,0.756,0.647
R_3dYB6FtZaYKmnQI,no_gap,conj,m,0.841,0.826
R_3dYRf1LJJY5sNDQ,gap,conj,m,0.468,0.634
R_3dYRf1LJJY5sNDQ,gap,conj,mm,0.66,0.81
R_3dYYZ1eB57mzvcP,gap,conj,m,0.519,0.593
R_3dYYZ1eB57mzvcP,gap,conj,mm,0.985,0.649
R_3E9zqUUokucmyvi,gap,conj,m,0.998,1.19
R_3E9zqUUokucmyvi,gap,conj,mm,1.086,1.288
R_3ekQwKF3mgu5b6t,no_gap,conj,m,0.55,0.544
R_3ekQwKF3mgu5b6t,no_gap,conj,mm,0.787,0.695
R_3emJvrH8C0R8XAf,no_gap,conj,mm,1.066,0.77
R_3emJvrH8C0R8XAf,no_gap,conj,m,1.147,1.218
R_3EnIpSKfpoFxj4q,no_gap,conj,mm,1.012,1.524
R_3EnIpSKfpoFxj4q,no_gap,conj,m,1.216,1.834
R_3EXNIE6ibfayydJ,gap,conj,mm,0.498,0.448
R_3EXNIE6ibfayydJ,gap,conj,m,0.597,0.528
R_3F4Nuu63mcg282m,no_gap,conj,m,1.165,1.165
R_3F4Nuu63mcg282m,no_gap,conj,mm,1.409,1.262
R_3F54OWKljGjDYun,gap,conj,m,0.577,0.564
R_3F54OWKljGjDYun,gap,conj,mm,0.607,0.631
R_3fekyhJ51vsHhVz,no_gap,conj,mm,0.643,0.651
R_3fekyhJ51vsHhVz,no_gap,conj,m,0.666,0.692
R_3fftJphDI5wp8jD,gap,conj,m,1.064,0.828
R_3fftJphDI5wp8jD,gap,conj,mm,1.476,0.943
R_3fIafKngtt8LCdv,gap,conj,m,0.624,0.74
R_3fIafKngtt8LCdv,gap,conj,mm,0.831,0.789
R_3G3aqKAxalampJB,gap,conj,mm,0.555,0.499
R_3G3aqKAxalampJB,gap,conj,m,0.556,0.539
R_3GfEE0tSJtpYpDK,gap,conj,m,0.786,0.922
R_3GfEE0tSJtpYpDK,gap,conj,mm,0.898,0.948
R_3gMLdLQylpAUOCz,gap,conj,mm,0.643,0.646
R_3gMLdLQylpAUOCz,gap,conj,m,0.815,0.666
R_3GrJEh3BPMqoUIE,gap,conj,mm,0.902,0.746
R_3GrJEh3BPMqoUIE,gap,conj,m,0.973,0.872
R_3gSdxynZBUsA24l,gap,conj,mm,0.837,0.877
R_3gSdxynZBUsA24l,gap,conj,m,1.003,1.023
R_3GwicDp1Qe1fIYu,gap,conj,m,0.78,0.778
R_3GwicDp1Qe1fIYu,gap,conj,mm,1.364,0.947
R_3Hov1y7dOtcDZlE,gap,conj,m,1.353,0.896
R_3Hov1y7dOtcDZlE,gap,conj,mm,1.423,1.285
R_3Ht3R1VCyo41bf7,gap,conj,m,0.619,0.683
R_3Ht3R1VCyo41bf7,gap,conj,mm,0.652,0.962
R_3huTrvGn33dOCmD,no_gap,conj,mm,1.249,1.078
R_3huTrvGn33dOCmD,no_gap,conj,m,1.346,1.246
R_3hxsgJPCQz6ODRf,no_gap,conj,mm,1.126,1.296
R_3hxsgJPCQz6ODRf,no_gap,conj,m,1.457,1.38
R_3Hzu7sZLBROTBKI,gap,conj,mm,0.931,0.865
R_3Hzu7sZLBROTBKI,gap,conj,m,1.361,0.962
R_3I6Ku341O3voRKF,no_gap,conj,m,1.377,1.574
R_3I6Ku341O3voRKF,no_gap,conj,mm,1.511,1.71
R_3IawjgtbqJ8vZS1,no_gap,conj,m,0.632,0.871
R_3IawjgtbqJ8vZS1,no_gap,conj,mm,0.759,0.929
R_3IbLExNViiL7Wmj,no_gap,conj,m,1.755,0.982
R_3IbLExNViiL7Wmj,no_gap,conj,mm,2.167,1.497
R_3Ic5XcXj3i1cbFL,gap,conj,m,0.518,0.571
R_3Ic5XcXj3i1cbFL,gap,conj,mm,0.728,0.665
R_3iFr8MpMy69byrN,gap,conj,mm,1.07,1.11
R_3iFr8MpMy69byrN,gap,conj,m,1.332,1.192
R_3isy7djZDjX51Zy,no_gap,conj,m,1.498,1.019
R_3isy7djZDjX51Zy,no_gap,conj,mm,1.635,1.156
R_3iUBe2A2sqTNxe6,no_gap,conj,m,0.563,0.438
R_3iUBe2A2sqTNxe6,no_gap,conj,mm,0.821,0.532
R_3j0uBCOqMwUzlCW,gap,conj,mm,0.803,0.836
R_3j0uBCOqMwUzlCW,gap,conj,m,1.354,1.118
R_3J5dZzQpHZlbptE,no_gap,conj,mm,1.046,0.814
R_3J5dZzQpHZlbptE,no_gap,conj,m,1.095,1.865
R_3J7WamqLp1arSYg,no_gap,conj,mm,0.817,0.856
R_3J7WamqLp1arSYg,no_gap,conj,m,0.851,0.95
R_3J8imcd2CT8E7nV,no_gap,conj,mm,0.698,0.915
R_3J8imcd2CT8E7nV,no_gap,conj,m,0.766,1.031
R_3j9ApP6uO0ORpcw,gap,conj,m,0.763,0.673
R_3j9ApP6uO0ORpcw,gap,conj,mm,0.845,0.737
R_3jAe4d8aowHEK53,gap,conj,mm,1.701,1.193
R_3jAe4d8aowHEK53,gap,conj,m,1.879,1.308
R_3JCQVowq4SWDWhO,gap,conj,m,0.467,0.58
R_3JCQVowq4SWDWhO,gap,conj,mm,0.647,0.611
R_3JCuHa99Y2UioVU,gap,conj,m,0.854,1.504
R_3JCuHa99Y2UioVU,gap,conj,mm,1.444,1.519
R_3JepjzwRIn4QNMa,no_gap,conj,m,1.046,1.362
R_3JepjzwRIn4QNMa,no_gap,conj,mm,1.313,1.876
R_3JKuKZTaXlZlS9L,no_gap,conj,mm,0.896,0.946
R_3JKuKZTaXlZlS9L,no_gap,conj,m,1.139,1.266
R_3jSRUtmlwcSos3T,gap,conj,m,0.465,0.425
R_3jSRUtmlwcSos3T,gap,conj,mm,0.566,0.489
R_3jZIGhpufmzSmRG,gap,conj,mm,1.559,1.507
R_3jZIGhpufmzSmRG,gap,conj,m,1.716,1.859
R_3kANJhWZWQZHHzt,gap,conj,m,1.106,1.285
R_3kANJhWZWQZHHzt,gap,conj,mm,1.313,1.468
R_3kAQUBQH7gOE6L4,gap,conj,mm,0.652,0.788
R_3kAQUBQH7gOE6L4,gap,conj,m,0.85,0.835
R_3koHaaGXSWbfZCH,gap,conj,m,0.59,0.72
R_3koHaaGXSWbfZCH,gap,conj,mm,0.683,0.809
R_3kq4Tx7qydJo7oB,gap,conj,m,1.182,1.459
R_3kq4Tx7qydJo7oB,gap,conj,mm,1.242,2.019
R_3KxCDvIBCFGJlB2,gap,conj,m,0.579,0.688
R_3KxCDvIBCFGJlB2,gap,conj,mm,0.703,0.878
R_3L0GKcwhfD3ONGp,no_gap,conj,m,0.626,0.629
R_3L0GKcwhfD3ONGp,no_gap,conj,mm,0.663,1.007
R_3L8bKSLPWWYQbb1,no_gap,conj,mm,0.847,0.925
R_3L8bKSLPWWYQbb1,no_gap,conj,m,1.063,1.071
R_3lA2P9y5IuW1K16,no_gap,conj,m,0.587,0.551
R_3lA2P9y5IuW1K16,no_gap,conj,mm,0.601,0.668
R_3lQ7ThL8ft9I4Xd,gap,conj,mm,0.75,0.481
R_3lQ7ThL8ft9I4Xd,gap,conj,m,0.955,0.671
R_3lQSewC3zD0cqPm,no_gap,conj,m,0.485,0.487
R_3lQSewC3zD0cqPm,no_gap,conj,mm,0.549,0.72
R_3lQY2j5LMIXXK4u,gap,conj,m,0.517,0.692
R_3lQY2j5LMIXXK4u,gap,conj,mm,0.677,0.808
R_3lW8WmUtn8ktnqb,no_gap,conj,m,1.66,1.772
R_3lW8WmUtn8ktnqb,no_gap,conj,mm,1.981,1.952
R_3lxHPjKjHR4VSZX,gap,conj,mm,1.048,0.917
R_3lxHPjKjHR4VSZX,gap,conj,m,1.122,0.954
R_3LYmXrQqAEkquZp,no_gap,conj,m,0.631,0.709
R_3LYmXrQqAEkquZp,no_gap,conj,mm,0.683,1.269
R_3m29EB99jBC3eYM,no_gap,conj,mm,0.586,0.677
R_3m29EB99jBC3eYM,no_gap,conj,m,0.861,0.814
R_3M5rXHlsQsfCfZ1,gap,conj,m,1.026,0.686
R_3M5rXHlsQsfCfZ1,gap,conj,mm,1.032,1.067
R_3mfrYYubAvKcVXD,no_gap,conj,m,0.639,0.663
R_3mfrYYubAvKcVXD,no_gap,conj,mm,0.729,0.854
R_3MrsBALpPMDdc4K,no_gap,conj,mm,1.759,1.216
R_3MrsBALpPMDdc4K,no_gap,conj,m,1.859,2.137
R_3MsZ1FtrecdI6Bk,no_gap,conj,m,1.001,0.911
R_3MsZ1FtrecdI6Bk,no_gap,conj,mm,1.037,1.003
R_3NDueluChz5YLcK,gap,conj,m,0.825,1.224
R_3NDueluChz5YLcK,gap,conj,mm,0.915,1.3
R_3nGjakNTDKLeUI5,gap,conj,m,1.225,1.125
R_3nGjakNTDKLeUI5,gap,conj,mm,1.449,1.266
R_3ni4oB2dXSyqVt5,no_gap,conj,m,0.638,0.587
R_3ni4oB2dXSyqVt5,no_gap,conj,mm,0.805,0.709
R_3nj6domOVc1jJjN,gap,conj,mm,0.929,1.23
R_3nj6domOVc1jJjN,gap,conj,m,1.108,1.324
R_3NJrbvniVjhQgVe,gap,conj,mm,1.536,1.21
R_3NJrbvniVjhQgVe,gap,conj,m,1.583,1.373
R_3NLrAGnHeCcusnN,no_gap,conj,mm,0.852,1.13
R_3NLrAGnHeCcusnN,no_gap,conj,m,0.998,1.181
R_3nTN2on5k76PSqy,no_gap,conj,m,0.715,0.768
R_3nTN2on5k76PSqy,no_gap,conj,mm,0.756,0.893
R_3NUHxGL0DDAFsRc,gap,conj,mm,1.475,1.071
R_3NUHxGL0DDAFsRc,gap,conj,m,1.547,1.105
R_3nuRnyn8F7V1zzY,no_gap,conj,m,0.938,1.388
R_3nuRnyn8F7V1zzY,no_gap,conj,mm,1.66,1.876
R_3NV3o9ELxm8q0OB,gap,conj,m,0.539,0.625
R_3NV3o9ELxm8q0OB,gap,conj,mm,0.654,0.626
R_3nvCR77A2gIXUnU,no_gap,conj,m,0.676,0.852
R_3nvCR77A2gIXUnU,no_gap,conj,mm,0.959,0.996
R_3OijgTkqK3N1vDR,no_gap,conj,m,0.748,1.217
R_3OijgTkqK3N1vDR,no_gap,conj,mm,0.911,1.36
R_3paGJTFEkF29ztH,gap,conj,m,0.446,0.53
R_3paGJTFEkF29ztH,gap,conj,mm,0.595,0.621
R_3peQmhVVM6LZ8Rq,gap,conj,m,0.989,0.75
R_3peQmhVVM6LZ8Rq,gap,conj,mm,1.227,1.249
R_3PH8KwGY7M572k7,no_gap,conj,m,1.033,1.121
R_3PH8KwGY7M572k7,no_gap,conj,mm,1.454,1.206
R_3PhNSDcozSxV4x6,no_gap,conj,m,0.542,0.456
R_3PhNSDcozSxV4x6,no_gap,conj,mm,0.563,0.518
R_3PHnuh1NwQxBUke,no_gap,conj,mm,0.709,1.01
R_3PHnuh1NwQxBUke,no_gap,conj,m,0.843,1.09
R_3plRloA3DMCWRlm,no_gap,conj,m,0.669,0.717
R_3plRloA3DMCWRlm,no_gap,conj,mm,0.82,0.897
R_3PoF0xbH4zPk6H9,no_gap,conj,mm,0.756,0.784
R_3PoF0xbH4zPk6H9,no_gap,conj,m,0.924,0.961
R_3PUkBY8ioPt2QHk,no_gap,conj,mm,0.76,0.799
R_3PUkBY8ioPt2QHk,no_gap,conj,m,0.913,0.965
R_3PzqcG3ePjyMVoQ,gap,conj,m,0.976,0.67
R_3PzqcG3ePjyMVoQ,gap,conj,mm,1.263,0.791
R_3qE9UFs34ohzB4u,no_gap,conj,m,0.788,0.914
R_3qE9UFs34ohzB4u,no_gap,conj,mm,0.958,1.052
R_3qIGvV1gBPeGAF3,no_gap,conj,mm,0.663,1.061
R_3qIGvV1gBPeGAF3,no_gap,conj,m,0.737,1.072
R_3qqgOHNsjhwxEbU,no_gap,conj,m,0.817,0.95
R_3qqgOHNsjhwxEbU,no_gap,conj,mm,0.845,0.962
R_3qU5FwC4OCJ7aqk,gap,conj,mm,0.505,0.539
R_3qU5FwC4OCJ7aqk,gap,conj,m,0.568,0.648
R_3r1hJN0OmOW9eWt,no_gap,conj,mm,0.908,0.942
R_3r1hJN0OmOW9eWt,no_gap,conj,m,1.388,1.227
R_3r2uzs1xxGdN7Xt,no_gap,conj,mm,1.563,1.385
R_3r2uzs1xxGdN7Xt,no_gap,conj,m,1.652,1.84
R_3R2V7o3AKvD3riN,no_gap,conj,m,1.048,0.978
R_3R2V7o3AKvD3riN,no_gap,conj,mm,1.208,1.109
R_3Rl6FSFxxA5e8ma,gap,conj,m,1.044,0.73
R_3Rl6FSFxxA5e8ma,gap,conj,mm,1.323,1.026
R_3Rl6VEWOBQmKqU6,gap,conj,m,0.601,0.728
R_3Rl6VEWOBQmKqU6,gap,conj,mm,0.636,0.829
R_3RmwoIz93sstbuX,gap,conj,mm,0.619,0.85
R_3RmwoIz93sstbuX,gap,conj,m,0.794,1.073
R_3sgjFLFAcfatVu1,no_gap,conj,m,0.769,0.864
R_3sgjFLFAcfatVu1,no_gap,conj,mm,0.994,0.906
R_3snnTFxEmMWchE3,no_gap,conj,m,0.949,1.365
R_3snnTFxEmMWchE3,no_gap,conj,mm,1.485,1.367
R_3svpurCda9KfwHp,gap,conj,m,0.843,0.589
R_3svpurCda9KfwHp,gap,conj,mm,0.913,0.958
R_3Vm6NBKASkpNULn,gap,conj,m,1.506,1.139
R_3Vm6NBKASkpNULn,gap,conj,mm,2.194,1.321
R_4HGqzV1TmoKnmRb,no_gap,conj,m,0.799,1.205
R_4HGqzV1TmoKnmRb,no_gap,conj,mm,1.072,1.887
R_4MlrIKWtWMynXgJ,gap,conj,mm,0.8,0.638
R_4MlrIKWtWMynXgJ,gap,conj,m,0.812,0.805
R_4UcujUnUkeMAjcd,no_gap,conj,mm,1.092,1.056
R_4UcujUnUkeMAjcd,no_gap,conj,m,1.474,1.289
R_4V0pQt6VgkQw0lb,gap,conj,m,0.925,0.887
R_4V0pQt6VgkQw0lb,gap,conj,mm,1.199,1.097
R_5AccJZEMv9dA7ZL,no_gap,conj,mm,1.315,1.536
R_5AccJZEMv9dA7ZL,no_gap,conj,m,1.703,2.09
R_5Bl0sD2ma6kOenD,no_gap,conj,mm,1.785,1.707
R_5Bl0sD2ma6kOenD,no_gap,conj,m,2.263,2.116
R_5zD75iREBKTihMt,gap,conj,mm,0.671,0.775
R_5zD75iREBKTihMt,gap,conj,m,0.68,0.905
R_6AkMGcTw5XpOoSd,gap,conj,m,1.164,1.127
R_6AkMGcTw5XpOoSd,gap,conj,mm,1.568,1.495
R_6QoG7SGfNSA5MY1,no_gap,conj,mm,1.252,1.248
R_6QoG7SGfNSA5MY1,no_gap,conj,m,1.78,1.302
R_78aLaJZ9ov7E4z7,no_gap,conj,m,1.067,1.109
R_78aLaJZ9ov7E4z7,no_gap,conj,mm,1.444,1.255
R_7QYLh7Cv4ho9ne9,no_gap,conj,mm,0.844,0.841
R_7QYLh7Cv4ho9ne9,no_gap,conj,m,0.9,1.012
R_8039DfpRFz4mdlD,no_gap,conj,m,0.685,1.116
R_8039DfpRFz4mdlD,no_gap,conj,mm,1.075,1.18
R_81zsKze4hKiO3Ch,no_gap,conj,mm,0.633,0.63
R_81zsKze4hKiO3Ch,no_gap,conj,m,0.692,0.818
R_821ywZ3Ur7opgmR,no_gap,conj,m,1.369,1.492
R_821ywZ3Ur7opgmR,no_gap,conj,mm,1.392,1.882
R_87dG0u6RSBe8bpD,gap,conj,m,0.489,0.463
R_87dG0u6RSBe8bpD,gap,conj,mm,0.634,0.538
R_88lRNtWC8jzcvPr,gap,conj,m,0.589,0.721
R_88lRNtWC8jzcvPr,gap,conj,mm,0.656,1.054
R_8qYu2CCKRBiPBjb,no_gap,conj,m,0.926,0.876
R_8qYu2CCKRBiPBjb,no_gap,conj,mm,1.096,0.928
R_9SIq53ZIw0UeCMp,gap,conj,mm,0.692,0.73
R_9SIq53ZIw0UeCMp,gap,conj,m,0.713,1.058
R_9ZV7VYa4WgGSoPT,gap,conj,m,0.414,0.458
R_9ZV7VYa4WgGSoPT,gap,conj,mm,0.473,0.464
R_a8Keqoc6RqZXPj3,gap,conj,mm,1.407,0.32
R_AFYcy8WqCbGhYSB,gap,conj,m,0.675,1.371
R_AFYcy8WqCbGhYSB,gap,conj,mm,0.695,0.851
R_AhqftoXBoaz9xId,no_gap,conj,mm,0.858,0.982
R_AhqftoXBoaz9xId,no_gap,conj,m,1.116,1.218
R_aXyHoAyLu9CDc4N,no_gap,conj,mm,0.835,1.415
R_aXyHoAyLu9CDc4N,no_gap,conj,m,0.844,0.9
R_b1xBevGuDlgE5mp,gap,conj,m,0.593,1.309
R_b1xBevGuDlgE5mp,gap,conj,mm,0.662,0.673
R_BEpHnJisiwxS1z3,no_gap,conj,m,1.611,0.757
R_BEpHnJisiwxS1z3,no_gap,conj,mm,1.784,1.555
R_bj5pW4Iu3tLbUnT,no_gap,conj,m,2.225,1.599
R_bj5pW4Iu3tLbUnT,no_gap,conj,mm,2.564,2.104
R_bJ8LN8hW9Wr5SFj,no_gap,conj,m,0.546,2.186
R_bJ8LN8hW9Wr5SFj,no_gap,conj,mm,0.601,0.594
R_BV2jiQRnLfyGBYl,no_gap,conj,m,0.703,0.597
R_BV2jiQRnLfyGBYl,no_gap,conj,mm,0.837,0.841
R_bxcuLDEvGbOnKHT,gap,conj,m,1.453,0.974
R_bxcuLDEvGbOnKHT,gap,conj,mm,1.886,0.971
R_Cjijzqk1J6xkLdf,no_gap,conj,mm,0.683,1.793
R_Cjijzqk1J6xkLdf,no_gap,conj,m,0.884,0.573
R_ClZZ8iH4ih5ZuSd,gap,conj,mm,1.661,0.919
R_ClZZ8iH4ih5ZuSd,gap,conj,m,1.733,1.582
R_d6C5372Rri91D57,no_gap,conj,m,1.073,1.854
R_d6C5372Rri91D57,no_gap,conj,mm,1.271,1.327
R_DcbIYJJOl9NfnSV,no_gap,conj,mm,0.418,1.587
R_DcbIYJJOl9NfnSV,no_gap,conj,m,0.491,0.808
R_dfYxqvX4G98rUXL,gap,conj,mm,0.895,0.889
R_dfYxqvX4G98rUXL,gap,conj,m,0.907,0.555
R_dh9Z16ZeR9OmSJj,no_gap,conj,m,0.539,0.572
R_dh9Z16ZeR9OmSJj,no_gap,conj,mm,0.712,0.661
R_dm7E2sdo1YUjT3z,no_gap,conj,m,0.416,0.813
R_dm7E2sdo1YUjT3z,no_gap,conj,mm,0.518,0.363
R_dmY5Tc0WANqnPs5,no_gap,conj,mm,1.001,0.502
R_dmY5Tc0WANqnPs5,no_gap,conj,m,1.393,1.476
R_eai96tm4PUo2JmF,no_gap,conj,mm,0.836,1.482
R_eai96tm4PUo2JmF,no_gap,conj,m,0.85,0.754
R_eJrfTYcTp9qL7ix,no_gap,conj,m,0.706,0.851
R_eJrfTYcTp9qL7ix,no_gap,conj,mm,0.733,0.852
R_eKdyzfVrqfswb1n,gap,conj,mm,1.444,1.116
R_eKdyzfVrqfswb1n,gap,conj,m,1.589,1.308
R_esMmOCJbTcEsIq5,gap,conj,m,0.801,1.886
R_esMmOCJbTcEsIq5,gap,conj,mm,1.26,0.705
R_eyNfgTiSRXT8Xi9,no_gap,conj,mm,1.161,0.858
R_eyNfgTiSRXT8Xi9,no_gap,conj,m,1.294,0.885
R_O0SCTkaxAB7vjA5,gap,conj,mm,0.861,1.232
R_O0SCTkaxAB7vjA5,gap,conj,m,0.956,0.916
R_O0WT1fmWD73IgCZ,no_gap,conj,mm,0.869,1.061
R_O0WT1fmWD73IgCZ,no_gap,conj,m,1.016,1.026
R_OBikbvVJp5ZcCOt,gap,conj,m,0.632,1.408
R_OBikbvVJp5ZcCOt,gap,conj,mm,0.918,0.906
R_OjUO1JZhl881Wdr,gap,conj,mm,0.624,0.992
R_OjUO1JZhl881Wdr,gap,conj,m,0.651,0.471
R_OkxFT8Yi5pR6dsB,gap,conj,m,1.013,0.717
R_OkxFT8Yi5pR6dsB,gap,conj,mm,1.111,0.722
R_OPCfSDjGV5SHORr,gap,conj,mm,0.61,1.192
R_OPCfSDjGV5SHORr,gap,conj,m,0.914,0.511
R_Ope2sXA3sL6z35T,no_gap,conj,mm,0.752,0.73
R_Ope2sXA3sL6z35T,no_gap,conj,m,0.858,0.603
R_PA36VyjszG9W9gt,no_gap,conj,m,1.154,0.856
R_PA36VyjszG9W9gt,no_gap,conj,mm,1.546,0.982
R_pEoe2uY6YbOw3aF,gap,conj,mm,0.475,1.027
R_pEoe2uY6YbOw3aF,gap,conj,m,0.513,0.415
R_PIpINaW6xp0qDD3,gap,conj,mm,0.631,0.463
R_PIpINaW6xp0qDD3,gap,conj,m,0.694,0.568
R_pK7U209871YpYIN,gap,conj,mm,1.486,0.601
R_pK7U209871YpYIN,gap,conj,m,1.499,1.43
R_pngU1YVfrXpM6m5,gap,conj,m,0.437,1.837
R_pngU1YVfrXpM6m5,gap,conj,mm,0.526,0.596
R_PSSk558zgwsdfq1,gap,conj,mm,1.176,0.613
R_PSSk558zgwsdfq1,gap,conj,m,1.355,0.874
R_pT8XhCOwudJrdq9,gap,conj,m,0.742,1.035
R_pT8XhCOwudJrdq9,gap,conj,mm,0.844,0.596
R_pufazghR2YH4Vqx,no_gap,conj,m,1.108,0.952
R_pufazghR2YH4Vqx,no_gap,conj,mm,1.109,1.003
R_Pwhzf2X9FTJWwcp,gap,conj,m,0.461,1.295
R_Pwhzf2X9FTJWwcp,gap,conj,mm,0.596,0.623
R_PYUFtJ6v69P19WF,no_gap,conj,m,0.76,0.677
R_PYUFtJ6v69P19WF,no_gap,conj,mm,0.829,0.739
R_Q3QAyLhzVGkm1hL,no_gap,conj,mm,0.905,0.852
R_Q3QAyLhzVGkm1hL,no_gap,conj,m,1.269,0.983
R_qL4FaXWkk1AqEmt,gap,conj,mm,2.156,1.012
R_qL4FaXWkk1AqEmt,gap,conj,m,2.425,1.361
R_QoG98GIXlyTTQCB,gap,conj,mm,0.766,0.635
R_QoG98GIXlyTTQCB,gap,conj,m,0.803,0.766
R_r25ZrJt80L0xZ5v,no_gap,conj,mm,0.968,0.884
R_r25ZrJt80L0xZ5v,no_gap,conj,m,0.975,1.18
R_R838SwdXuvvg13j,gap,conj,m,0.724,0.642
R_R838SwdXuvvg13j,gap,conj,mm,1.105,1.029
R_rcHQpWAv7AbsluV,gap,conj,m,0.62,0.769
R_rcHQpWAv7AbsluV,gap,conj,mm,0.881,0.833
R_rkiqrtdH01X2Uz7,gap,conj,m,0.832,0.823
R_rkiqrtdH01X2Uz7,gap,conj,mm,1.243,0.862
R_rpa23bPTMqxRuy5,gap,conj,mm,0.878,1.283
R_rpa23bPTMqxRuy5,gap,conj,m,1.403,1.331
R_RPRRh5b9RJjsLWF,gap,conj,m,2.211,2.369
R_RPRRh5b9RJjsLWF,gap,conj,mm,2.342,2.467
R_RxCmnVP4h0M2Iet,gap,conj,mm,0.964,0.942
R_RxCmnVP4h0M2Iet,gap,conj,m,0.966,1.049
R_SUAv0Djpf96vXsB,gap,conj,mm,0.834,0.991
R_SUAv0Djpf96vXsB,gap,conj,m,1.062,1.161
R_szedVFAI7mc8uqt,gap,conj,mm,0.512,0.58
R_szedVFAI7mc8uqt,gap,conj,m,0.645,0.612
R_sZRf0Q5e9LGW9gJ,no_gap,conj,m,2.227,2.286
R_sZRf0Q5e9LGW9gJ,no_gap,conj,mm,2.35,2.378
R_TjDuFk15r39Xrqh,gap,conj,m,0.617,0.555
R_TjDuFk15r39Xrqh,gap,conj,mm,0.791,0.747
R_tLqTSkDsUZvWP4t,no_gap,conj,m,0.694,0.693
R_tLqTSkDsUZvWP4t,no_gap,conj,mm,0.829,0.904
R_tQjTkAdN6h1rHHP,no_gap,conj,m,0.75,0.783
R_tQjTkAdN6h1rHHP,no_gap,conj,mm,0.754,0.952
R_u220n4MBxTrGIqB,gap,conj,m,0.964,0.772
R_u220n4MBxTrGIqB,gap,conj,mm,1.177,0.799
R_UA47gf9TzaRpJ0B,no_gap,conj,m,1.207,1.359
R_UA47gf9TzaRpJ0B,no_gap,conj,mm,1.362,1.434
R_uk7jLfoyyvrie5P,gap,conj,mm,0.662,0.705
R_uk7jLfoyyvrie5P,gap,conj,m,0.704,0.764
R_uk8lyne8BTwZWx3,gap,conj,m,0.562,0.543
R_uk8lyne8BTwZWx3,gap,conj,mm,0.741,0.565
R_UnfbYQPONiXwHgB,no_gap,conj,m,1.225,0.857
R_UnfbYQPONiXwHgB,no_gap,conj,mm,1.365,1.267
R_vcofmMoT48YgqGd,no_gap,conj,mm,0.966,1.276
R_vcofmMoT48YgqGd,no_gap,conj,m,1.157,1.319
R_vcRLjOIJganFB5L,gap,conj,mm,0.803,0.62
R_vcRLjOIJganFB5L,gap,conj,m,0.963,0.679
R_vdAXj8lKTQiuvLj,no_gap,conj,mm,1.401,2.067
R_vdAXj8lKTQiuvLj,no_gap,conj,m,1.995,2.167
R_vf2rDe2loSzFI4h,gap,conj,m,1.279,1.818
R_vf2rDe2loSzFI4h,gap,conj,mm,1.851,1.858
R_vl7yAhjMq73ut4l,no_gap,conj,mm,0.902,0.977
R_vl7yAhjMq73ut4l,no_gap,conj,m,0.961,1.04
R_vMGeXCE2A7fFihP,gap,conj,mm,0.859,1.1
R_vMGeXCE2A7fFihP,gap,conj,m,1.173,1.294
R_VO1OFG6TLIlFTbj,gap,conj,mm,1.14,0.944
R_VO1OFG6TLIlFTbj,gap,conj,m,1.522,0.978
R_voSsFXEsEVlpeMx,gap,conj,m,0.925,1.228
R_voSsFXEsEVlpeMx,gap,conj,mm,1.045,1.343
R_VPabY1AJYIyCZPz,no_gap,conj,mm,1.069,1.115
R_VPabY1AJYIyCZPz,no_gap,conj,m,1.32,1.336
R_W8LdRMuNzFlfzfX,no_gap,conj,m,0.582,0.57
R_W8LdRMuNzFlfzfX,no_gap,conj,mm,0.594,0.628
R_WfBh84bVieh94u5,no_gap,conj,mm,0.92,1.414
R_WfBh84bVieh94u5,no_gap,conj,m,1.056,1.605
R_xaQjSryVetgbxMR,gap,conj,mm,1.262,1.236
R_xaQjSryVetgbxMR,gap,conj,m,1.269,1.375
R_xfUcAaPbjk0g6Jz,no_gap,conj,m,0.69,0.767
R_xfUcAaPbjk0g6Jz,no_gap,conj,mm,0.71,0.769
R_xiuZL8oQedG2nrb,gap,conj,mm,0.626,0.565
R_xiuZL8oQedG2nrb,gap,conj,m,0.857,0.581
R_Y050be3d1qTgt21,no_gap,conj,mm,0.709,0.95
R_Y050be3d1qTgt21,no_gap,conj,m,0.782,0.995
R_Y3NmOCLnLbfmdRT,gap,conj,m,0.608,0.672
R_Y3NmOCLnLbfmdRT,gap,conj,mm,0.619,0.69
R_ykWwfg34VBujl0B,gap,conj,m,0.775,0.789
R_ykWwfg34VBujl0B,gap,conj,mm,1.16,0.855
R_ykzlIRPd0KX2ZW1,no_gap,conj,mm,0.962,0.844
R_ykzlIRPd0KX2ZW1,no_gap,conj,m,1.12,1.161
R_ypQ4ZCs1p2l24eJ,no_gap,conj,m,0.601,0.915
R_ypQ4ZCs1p2l24eJ,no_gap,conj,mm,0.923,0.938
R_yPWGGeD3XC6CB0t,no_gap,conj,mm,0.707,0.818
R_yPWGGeD3XC6CB0t,no_gap,conj,m,0.774,0.91
R_yPWVvpu60ycQ8P7,gap,conj,mm,0.892,0.721
R_yPWVvpu60ycQ8P7,gap,conj,m,1.06,0.969
R_z0je8cRGh1eQ8Rb,gap,conj,mm,0.659,0.491
R_z0je8cRGh1eQ8Rb,gap,conj,m,1.035,0.751
R_Z9PxP0CExYG8397,gap,conj,m,0.447,0.498
R_Z9PxP0CExYG8397,gap,conj,mm,0.532,0.616
R_ZahaFNCfOgy05xL,gap,conj,m,1.068,1.057
R_ZahaFNCfOgy05xL,gap,conj,mm,1.278,1.149
R_ZaxZDyOScZVjzz3,gap,conj,m,0.602,0.866
R_ZaxZDyOScZVjzz3,gap,conj,mm,1.228,1.108
R_zZ3GrNWCcyKf98B,gap,conj,mm,0.914,0.814
R_zZ3GrNWCcyKf98B,gap,conj,m,0.92,0.905
R0Mv4w5vYeNCTls,no_gap,conj,mm,0.757,0.884
R0Mv4w5vYeNCTls,no_gap,conj,m,0.803,0.911
R0ZPMCCzcV8FG6A,no_gap,conj,mm,0.793,0.741
R0ZPMCCzcV8FG6A,no_gap,conj,m,1.186,1.208
R107Kbqwjw5sjVi,gap,conj,m,0.478,0.551
R107Kbqwjw5sjVi,gap,conj,mm,0.549,0.886
R1A0Opwy47DGP0D,gap,conj,m,0.601,0.738
R1A0Opwy47DGP0D,gap,conj,mm,0.665,0.922
R1ixygMv7kGQldy,gap,conj,m,0.575,0.722
R1ixygMv7kGQldy,gap,conj,mm,0.725,1.081
R240oKwSUYFSJUY,gap,conj,m,0.503,0.523
R240oKwSUYFSJUY,gap,conj,mm,0.624,0.827
R25qGAPsEKNgCik,gap,conj,mm,0.835,0.91
R25qGAPsEKNgCik,gap,conj,m,0.836,1.559
R2s68Ligswec1t3,no_gap,conj,m,0.521,0.551
R2s68Ligswec1t3,no_gap,conj,mm,0.542,0.627
R32mnWKrVorZxtV,gap,conj,m,1.042,1.393
R32mnWKrVorZxtV,gap,conj,mm,1.403,1.515
R3TwjQv7jVMZAHh,no_gap,conj,mm,1.465,1.486
R3TwjQv7jVMZAHh,no_gap,conj,m,1.539,1.535
R3UGi46yIwlgRIg,gap,conj,mm,0.729,0.623
R3UGi46yIwlgRIg,gap,conj,m,0.744,0.647
R3V6KyyFTKNSfr0,gap,conj,mm,1.108,0.838
R3V6KyyFTKNSfr0,gap,conj,m,1.215,1.167
R4f2Xj2zVejGVvr,gap,conj,m,0.616,0.63
R4f2Xj2zVejGVvr,gap,conj,mm,0.647,0.689
R4HieJfWwUqqVSw,no_gap,conj,m,1.239,1.059
R4HieJfWwUqqVSw,no_gap,conj,mm,1.348,1.096
R4jTtLg98nGv99c,no_gap,conj,mm,0.662,0.537
R4jTtLg98nGv99c,no_gap,conj,m,0.669,0.601
R4MjDzYaj8vSl2F,gap,conj,mm,0.906,1.027
R4MjDzYaj8vSl2F,gap,conj,m,1.13,1.333
R5BzCJwLFrqdpOi,no_gap,conj,m,1.569,2.602
R6aTxals5ya98Bn,gap,conj,mm,0.633,0.731
R6aTxals5ya98Bn,gap,conj,m,0.747,0.791
R7EkFokF3zDCAFg,no_gap,conj,m,0.642,0.761
R7EkFokF3zDCAFg,no_gap,conj,mm,0.692,0.812
R7HkygMlXuzFDss,no_gap,conj,mm,1.093,1.129
R7HkygMlXuzFDss,no_gap,conj,m,1.382,1.582
R7I2lMBC4C9HqXh,gap,conj,m,0.694,0.769
R7I2lMBC4C9HqXh,gap,conj,mm,0.729,0.78
R7IKiFTRUeouja1,gap,conj,m,0.984,1.298
R7IKiFTRUeouja1,gap,conj,mm,1.238,1.548
R7TjhkHUtsmEKXv,gap,conj,m,1.206,1.122
R7TjhkHUtsmEKXv,gap,conj,mm,1.399,1.483
R8B8ByTcmPbYYBi,no_gap,conj,m,0.858,0.783
R8B8ByTcmPbYYBi,no_gap,conj,mm,0.946,0.851
R90a4seCfd02VPe,no_gap,conj,mm,0.742,0.834
R90a4seCfd02VPe,no_gap,conj,m,0.869,0.873
R9buiFpEHzEyviM,gap,conj,m,0.52,0.429
R9buiFpEHzEyviM,gap,conj,mm,0.888,0.441
R9buJYsXisup2Mb,no_gap,conj,m,1.206,1.764
R9buJYsXisup2Mb,no_gap,conj,mm,2.045,1.845
RaDYCLDeHnDcoTK,no_gap,conj,mm,0.616,0.723
RaDYCLDeHnDcoTK,no_gap,conj,m,0.703,0.727
RAGbTgxStxS8OK7,gap,conj,mm,0.826,0.844
RAGbTgxStxS8OK7,gap,conj,m,0.845,0.866
RASEGOsJ8SHSVr5,gap,conj,mm,1.031,0.843
RASEGOsJ8SHSVr5,gap,conj,m,1.203,1.075
RAZHWSSUZ7gAeVu,no_gap,conj,m,1.641,1.425
RAZHWSSUZ7gAeVu,no_gap,conj,mm,1.738,1.984
RbHPDYy6X92e2YW,gap,conj,mm,0.795,0.589
RbHPDYy6X92e2YW,gap,conj,m,0.855,0.644
RBnRYuqRU9MgxDH,no_gap,conj,m,0.844,0.82
RBnRYuqRU9MgxDH,no_gap,conj,mm,0.935,0.959
RBPAkPhD282eIwa,no_gap,conj,mm,0.832,0.916
RBPAkPhD282eIwa,no_gap,conj,m,0.852,0.952
RBtIrCsNLg3M5Hv,no_gap,conj,m,0.992,1.073
RBtIrCsNLg3M5Hv,no_gap,conj,mm,1.061,1.187
RBu63NcF98ifXiE,gap,conj,mm,0.664,0.612
RBu63NcF98ifXiE,gap,conj,m,0.816,0.659
RBYsxPc3DVzRRdc,gap,conj,mm,1.169,1.197
RBYsxPc3DVzRRdc,gap,conj,m,1.179,1.221
RC4075atnBURXV9,gap,conj,m,0.592,0.571
RC4075atnBURXV9,gap,conj,mm,0.844,0.623
Rc6m9mRMP3vRtxF,no_gap,conj,m,0.788,0.95
Rc6m9mRMP3vRtxF,no_gap,conj,mm,0.85,1.448
RCa7oDDfGUuqpD2,gap,conj,mm,0.898,0.754
RCa7oDDfGUuqpD2,gap,conj,m,0.914,1.288
Rcc7FPRMpuGx2CV,no_gap,conj,m,0.458,0.645
Rcc7FPRMpuGx2CV,no_gap,conj,mm,0.513,1
RCDQa7qsN9RNzFH,no_gap,conj,mm,1.123,1.292
RCDQa7qsN9RNzFH,no_gap,conj,m,1.142,1.302
RCDt4ymTrZ6kFn0,no_gap,conj,mm,1.74,2.141
RCDt4ymTrZ6kFn0,no_gap,conj,m,2.11,2.154
RCJcSTbRoTUCqgI,no_gap,conj,m,0.981,1.009
RCJcSTbRoTUCqgI,no_gap,conj,mm,1.116,1.281
RcnGgIRvbYUU2JM,no_gap,conj,mm,0.841,1.002
RcnGgIRvbYUU2JM,no_gap,conj,m,1.057,1.104
RCTk31LB5KSXTUK,gap,conj,m,0.406,0.612
RCTk31LB5KSXTUK,gap,conj,mm,0.44,0.697
RcubeyiZDy5kcWK,gap,conj,m,0.768,0.821
RcubeyiZDy5kcWK,gap,conj,mm,0.958,0.909
RcUmxE0nB0eQ5tx,no_gap,conj,m,0.848,1.016
RcUmxE0nB0eQ5tx,no_gap,conj,mm,1.202,1.112
RcUnP5PoHL3kGw8,no_gap,conj,mm,1.085,1.096
RcUnP5PoHL3kGw8,no_gap,conj,m,1.169,1.272
RcvhE0HTQ1JO49j,no_gap,conj,m,1.296,1.021
RcvhE0HTQ1JO49j,no_gap,conj,mm,1.574,1.264
RcZYqPuI2ovCe8d,no_gap,conj,m,0.568,1.399
RcZYqPuI2ovCe8d,no_gap,conj,mm,0.654,1.408
RD5fuTu0fyLlRoG,gap,conj,m,0.723,0.605
RD5fuTu0fyLlRoG,gap,conj,mm,0.817,0.766
RdH0HFAfxeETPyV,gap,conj,mm,0.832,0.722
RdH0HFAfxeETPyV,gap,conj,m,0.904,0.785
Rdiq2w8gEnf5L8z,gap,conj,m,0.711,0.585
Rdiq2w8gEnf5L8z,gap,conj,mm,0.751,0.652
RDRKnOvAi7cEOEe,gap,conj,m,0.45,0.421
RDRKnOvAi7cEOEe,gap,conj,mm,0.492,0.796
RDuNzuDT2Ly6aYo,no_gap,conj,mm,0.985,0.903
RDuNzuDT2Ly6aYo,no_gap,conj,m,1.084,1.142
RDUQTsUdLXCAotg,gap,conj,mm,0.715,0.673
RDUQTsUdLXCAotg,gap,conj,m,0.857,0.705
RdYKuSke1t2VOfa,no_gap,conj,mm,0.642,0.644
RdYKuSke1t2VOfa,no_gap,conj,m,0.65,0.727
Re2xTrAELL35qnU,gap,conj,m,0.761,0.789
Re2xTrAELL35qnU,gap,conj,mm,1.051,1.136
REAwGG7T8u9elvy,gap,conj,m,0.452,0.473
REAwGG7T8u9elvy,gap,conj,mm,0.553,0.489
REd18J86Ydnz5JK,gap,conj,mm,0.947,0.722
REd18J86Ydnz5JK,gap,conj,m,1.415,1.216
REGbNncbkrLeOBn,gap,conj,m,0.794,1.32
REGbNncbkrLeOBn,gap,conj,mm,0.972,1.351
REj3yOyXSRu4rHj,no_gap,conj,m,0.44,0.602
REj3yOyXSRu4rHj,no_gap,conj,mm,0.497,0.613
ReK9C4dUWMG5UoE,no_gap,conj,mm,0.54,0.479
ReK9C4dUWMG5UoE,no_gap,conj,m,0.572,0.772
Rerta2V92H4drrE,no_gap,conj,m,1.117,1.503
Rerta2V92H4drrE,no_gap,conj,mm,1.312,1.991
Rex76BKICzdLpi3,no_gap,conj,m,0.815,1.09
Rex76BKICzdLpi3,no_gap,conj,mm,0.913,1.16
RF3O1RwVVn1ANjS,gap,conj,mm,1.071,0.635
RF3O1RwVVn1ANjS,gap,conj,m,1.228,0.704
Rf6VCNeHmcSqTrE,no_gap,conj,mm,0.575,0.51
Rf6VCNeHmcSqTrE,no_gap,conj,m,0.758,0.593
RfBULLTffGRBWLb,gap,conj,m,1.093,1.026
RfBULLTffGRBWLb,gap,conj,mm,1.163,1.263
RfD1bJjW95gw3LB,no_gap,conj,m,1.062,0.83
RfD1bJjW95gw3LB,no_gap,conj,mm,1.265,1.061
Rfd9g37kVcLlQon,gap,conj,m,0.81,0.716
Rfd9g37kVcLlQon,gap,conj,mm,0.868,0.828
RfesTAMA2X5bx5T,gap,conj,m,0.435,0.49
RfesTAMA2X5bx5T,gap,conj,mm,0.498,0.529
RfjeMABd9YtFdM2,gap,conj,mm,0.946,0.868
RfjeMABd9YtFdM2,gap,conj,m,1.008,0.878
RFkyCxrQzCKlVM3,gap,conj,mm,0.941,0.916
RFkyCxrQzCKlVM3,gap,conj,m,0.968,1.024
RflJVVkbxzk1i5c,no_gap,conj,m,0.522,0.741
RflJVVkbxzk1i5c,no_gap,conj,mm,0.529,0.768
RFlZaoI26lrL1xW,gap,conj,m,0.664,0.572
RFlZaoI26lrL1xW,gap,conj,mm,0.938,0.634
RFQy7LAFBlt3sbw,gap,conj,mm,0.986,1.073
RFQy7LAFBlt3sbw,gap,conj,m,1.059,1.183
RfvMbaH7XgyVyCF,gap,conj,mm,1.081,1.214
RfvMbaH7XgyVyCF,gap,conj,m,1.133,1.341
RFzvTdctlBl6mau,gap,conj,mm,0.945,1.012
RFzvTdctlBl6mau,gap,conj,m,1.033,1.335
Rg6KjG4gA3vEJF7,no_gap,conj,m,0.929,0.89
Rg6KjG4gA3vEJF7,no_gap,conj,mm,1.258,0.952
RGEw2ntVr6WT5FY,gap,conj,m,0.503,0.614
RGEw2ntVr6WT5FY,gap,conj,mm,0.587,0.992
RgGFiI9dwPgNWnF,gap,conj,mm,0.651,0.754
RgGFiI9dwPgNWnF,gap,conj,m,0.656,0.878
RgHKNsWNE1ugMUa,no_gap,conj,m,1.109,1.331
RgHKNsWNE1ugMUa,no_gap,conj,mm,1.155,1.427
RgTnf5neAjKhFhT,gap,conj,mm,1.137,0.884
RgTnf5neAjKhFhT,gap,conj,m,1.345,1.234
RH5WiYRCLXLoMr6,gap,conj,mm,0.851,0.835
RH5WiYRCLXLoMr6,gap,conj,m,1.04,0.916
RhKL5I25Q84xW4U,gap,conj,m,1.984,2.135
RhKL5I25Q84xW4U,gap,conj,mm,2.501,2.307
RHkLtKPGeWEXFwg,no_gap,conj,mm,0.751,0.937
RHkLtKPGeWEXFwg,no_gap,conj,m,0.906,1.246
RHpZbLVjg7CUvTk,no_gap,conj,m,0.934,0.967
RHpZbLVjg7CUvTk,no_gap,conj,mm,0.942,1.087
RhXp8VCud7SMiKb,gap,conj,mm,0.647,0.791
RhXp8VCud7SMiKb,gap,conj,m,0.662,0.885
Rhzkst2wvP8JIH4,no_gap,conj,mm,0.749,0.613
Rhzkst2wvP8JIH4,no_gap,conj,m,0.751,0.647
RIagvrDfWeu1SzI,gap,conj,mm,0.983,0.772
RIagvrDfWeu1SzI,gap,conj,m,1.412,0.859
RiffR2ZzRyikKgD,gap,conj,mm,0.781,0.564
RiffR2ZzRyikKgD,gap,conj,m,0.833,0.67
RIfTVw1P9JXGPqL,no_gap,conj,m,0.594,0.779
RIfTVw1P9JXGPqL,no_gap,conj,mm,1.163,0.85
RimoeufCHjjazMW,no_gap,conj,m,0.681,0.77
RimoeufCHjjazMW,no_gap,conj,mm,0.752,0.784
RIR8kofj9wFWdIF,no_gap,conj,m,1.24,1.404
RIR8kofj9wFWdIF,no_gap,conj,mm,1.377,1.413
RISOn43feC1HgrC,no_gap,conj,mm,0.958,0.937
RISOn43feC1HgrC,no_gap,conj,m,1.341,1.168
RIXVr7a4rbLclDy,no_gap,conj,mm,1.103,1.149
RIXVr7a4rbLclDy,no_gap,conj,m,1.443,1.597
RjCgwQdSLoXJHUV,no_gap,conj,m,1.384,1.023
RjCgwQdSLoXJHUV,no_gap,conj,mm,1.454,1.205
RjDKVL7IiGl9Yg2,no_gap,conj,m,1.283,1.292
RjDKVL7IiGl9Yg2,no_gap,conj,mm,1.435,1.542
RjE8xih7Lg9IirX,no_gap,conj,m,0.428,0.472
RjE8xih7Lg9IirX,no_gap,conj,mm,0.524,0.54
RjH3pdKIvdSHNIY,no_gap,conj,m,0.593,0.73
RjH3pdKIvdSHNIY,no_gap,conj,mm,0.735,0.78
RjrMskfuP7Mrr9S,gap,conj,m,0.421,0.576
RjrMskfuP7Mrr9S,gap,conj,mm,0.486,0.65
Rjrzi2l761541zF,no_gap,conj,mm,0.641,0.618
Rjrzi2l761541zF,no_gap,conj,m,0.673,0.868
RK2LTDdSTkk0CkO,gap,conj,mm,0.833,0.704
RK2LTDdSTkk0CkO,gap,conj,m,0.862,0.724
RK3eLYRF0WM0F1x,no_gap,conj,m,1.081,1.504
RK3eLYRF0WM0F1x,no_gap,conj,mm,1.353,1.756
RK6KGucq5uhaFzv,no_gap,conj,m,1.403,1.338
RK6KGucq5uhaFzv,no_gap,conj,mm,1.922,1.472
RK71a7Ou0dd9RDl,no_gap,conj,m,0.928,1.137
RK71a7Ou0dd9RDl,no_gap,conj,mm,0.959,1.245
RKkDDjZQonL8jXf,gap,conj,mm,1.198,1.245
RKkDDjZQonL8jXf,gap,conj,m,1.25,1.552
RKqDdYqdsxJyWIf,no_gap,conj,mm,0.628,0.735
RKqDdYqdsxJyWIf,no_gap,conj,m,0.758,0.846
Rlo8TnSLVLCPrMI,gap,conj,mm,1.024,0.919
Rlo8TnSLVLCPrMI,gap,conj,m,1.052,1.085
RLXmTvk5iLuGEaA,no_gap,conj,mm,0.652,0.709
RLXmTvk5iLuGEaA,no_gap,conj,m,0.691,0.77
RlzzukvJq3atYiQ,no_gap,conj,mm,0.604,0.525
RlzzukvJq3atYiQ,no_gap,conj,m,0.702,0.729
RmC4cBupoC4tHV4,no_gap,conj,mm,0.693,0.848
RmC4cBupoC4tHV4,no_gap,conj,m,0.772,0.865
RmIULYprIrOv92G,no_gap,conj,m,0.545,0.732
RmIULYprIrOv92G,no_gap,conj,mm,0.611,0.743
RmmFOe3uknXraci,no_gap,conj,mm,1.112,1.181
RmmFOe3uknXraci,no_gap,conj,m,1.174,1.611
RNex25Z07JEPqPT,gap,conj,mm,0.799,0.808
RNex25Z07JEPqPT,gap,conj,m,1.002,0.876
RnOO1BGaTXG8VNZ,no_gap,conj,m,1.081,0.803
RnOO1BGaTXG8VNZ,no_gap,conj,mm,1.354,1.17
RnOQ0qbgqQcSRz6,no_gap,conj,m,0.802,0.817
RnOQ0qbgqQcSRz6,no_gap,conj,mm,0.896,0.942
RoAMtAsotlpba75,gap,conj,m,0.702,0.55
RoAMtAsotlpba75,gap,conj,mm,0.88,0.582
RoBEFfxegvaFxqs,gap,conj,mm,0.677,0.782
RoBEFfxegvaFxqs,gap,conj,m,0.956,1.17
ROE6gsnJdCYDJNp,gap,conj,mm,1.072,1.066
ROE6gsnJdCYDJNp,gap,conj,m,1.548,1.407
ROJJIMbAOHmEsc6,gap,conj,mm,0.691,0.57
ROJJIMbAOHmEsc6,gap,conj,m,0.767,0.587
ROkOyQCupky29ws,no_gap,conj,m,0.646,0.665
ROkOyQCupky29ws,no_gap,conj,mm,0.924,0.882
Ronlnd0PSlmh0kP,gap,conj,m,0.817,1.258
Ronlnd0PSlmh0kP,gap,conj,mm,1.1,1.767
ROVnUIQoDvuoLoa,no_gap,conj,m,0.98,1.41
ROVnUIQoDvuoLoa,no_gap,conj,mm,1.08,1.538
ROy5gti2oOMkrmx,gap,conj,m,1.204,0.92
ROy5gti2oOMkrmx,gap,conj,mm,1.364,1.078
RP1NXSwrNBPPbSy,no_gap,conj,mm,1.141,1.251
RP1NXSwrNBPPbSy,no_gap,conj,m,1.5,1.373
RP5OftLBu8Xnm63,no_gap,conj,m,0.659,0.797
RP5OftLBu8Xnm63,no_gap,conj,mm,0.712,0.804
RPemspRhIIq93Jq,no_gap,conj,m,1.468,1.584
RPemspRhIIq93Jq,no_gap,conj,mm,1.687,1.686
RpJiC30bA23mBP9,no_gap,conj,m,0.79,0.97
RpJiC30bA23mBP9,no_gap,conj,mm,0.887,0.983
RpJPjmN0ZA5yTy2,gap,conj,m,1.659,1.283
RpJPjmN0ZA5yTy2,gap,conj,mm,2.023,1.498
RpMrEEZMbPml0WU,no_gap,conj,m,0.609,0.729
RpMrEEZMbPml0WU,no_gap,conj,mm,0.718,0.793
Rptx896QKfU4151,gap,conj,mm,0.843,0.855
Rptx896QKfU4151,gap,conj,m,1.175,0.988
RpukYYnbpsfMrZv,no_gap,conj,mm,0.71,0.646
RpukYYnbpsfMrZv,no_gap,conj,m,0.723,0.735
RPutYEFsewiz88m,gap,conj,mm,1.272,1.223
RPutYEFsewiz88m,gap,conj,m,1.57,1.268
RPXVhaM73VwX7i7,no_gap,conj,m,0.423,0.455
RPXVhaM73VwX7i7,no_gap,conj,mm,0.464,0.472
RPzXxMCgeJjWWLk,gap,conj,mm,0.623,0.918
RPzXxMCgeJjWWLk,gap,conj,m,0.682,0.974
RQ0nnQSbpfMIzl8,gap,conj,m,1.849,1.661
RQ0nnQSbpfMIzl8,gap,conj,mm,2.195,1.768
Rq9ip8BsXKWy3tB,gap,conj,mm,0.874,1.112
Rq9ip8BsXKWy3tB,gap,conj,m,0.969,1.173
RQcQ8lM8sMgbe9Z,gap,conj,m,0.538,0.632
RQcQ8lM8sMgbe9Z,gap,conj,mm,0.657,0.909
RqCYwbcshBGMWl9,gap,conj,mm,0.724,0.561
RqCYwbcshBGMWl9,gap,conj,m,0.755,1.036
RQDSGYxg9iGBQ1N,no_gap,conj,mm,1.067,1.113
RQDSGYxg9iGBQ1N,no_gap,conj,m,1.219,1.154
RQggTeu9uNjR2Kz,no_gap,conj,m,1.357,1.473
RQggTeu9uNjR2Kz,no_gap,conj,mm,1.578,2.018
RQhHQgn3oncjPVH,gap,conj,m,0.609,0.57
RQhHQgn3oncjPVH,gap,conj,mm,0.689,0.607
RQn8nKQlmurWj6x,no_gap,conj,mm,1.271,1.099
RQn8nKQlmurWj6x,no_gap,conj,m,1.357,1.747
RqxGC4cTbe7xhyS,no_gap,conj,mm,0.574,0.606
RqxGC4cTbe7xhyS,no_gap,conj,m,0.577,0.877
RqXpoOypYbjTRWl,no_gap,conj,m,1.233,1.677
RqXpoOypYbjTRWl,no_gap,conj,mm,2.075,2.072
RR81qJfBkmFANkJ,no_gap,conj,m,0.85,1.357
RR81qJfBkmFANkJ,no_gap,conj,mm,1.068,1.519
Rr9CI6AFSBMawII,gap,conj,mm,0.676,1.026
Rr9CI6AFSBMawII,gap,conj,m,0.685,1.071
Rrla5wg2eJeofgU,no_gap,conj,m,0.713,0.661
Rrla5wg2eJeofgU,no_gap,conj,mm,0.724,0.67
RRPRywAKJIJoXwq,gap,conj,mm,0.684,0.766
RRPRywAKJIJoXwq,gap,conj,m,0.725,1.052
RrVd3Udq0Naa4tm,no_gap,conj,m,0.827,0.737
RrVd3Udq0Naa4tm,no_gap,conj,mm,1.153,0.889
RrvojTzRtsDhwWZ,no_gap,conj,m,0.441,0.532
RrvojTzRtsDhwWZ,no_gap,conj,mm,0.456,0.592
Rs5BrOZwyfMmXNT,no_gap,conj,mm,0.754,0.972
Rs5BrOZwyfMmXNT,no_gap,conj,m,0.871,1.016
RsaKX0rCpQMSpWC,no_gap,conj,m,0.803,0.684
RsaKX0rCpQMSpWC,no_gap,conj,mm,0.821,0.727
RsSBN4IUEWRzEHE,gap,conj,mm,1.44,1.248
RsSBN4IUEWRzEHE,gap,conj,m,1.513,1.378
RsZwXaQWcDrXX4J,no_gap,conj,m,0.539,0.578
RsZwXaQWcDrXX4J,no_gap,conj,mm,0.645,0.711
Rt2RITW5Msrt0v1,no_gap,conj,m,0.678,1.033
Rt2RITW5Msrt0v1,no_gap,conj,mm,0.741,1.098
Rt3eKQMwJ13cTxu,gap,conj,mm,0.788,0.922
Rt3eKQMwJ13cTxu,gap,conj,m,0.832,1.045
Rt5VMWadJZXwhol,gap,conj,m,0.667,0.639
Rt5VMWadJZXwhol,gap,conj,mm,0.874,1.296
Rt8PKxoTop4myWX,no_gap,conj,mm,0.908,1.169
Rt8PKxoTop4myWX,no_gap,conj,m,0.977,1.252
RtKElLKJ2RzYeOL,gap,conj,m,1.065,1.021
RtKElLKJ2RzYeOL,gap,conj,mm,1.146,1.333
RTOewpP52D1ZcQi,gap,conj,m,0.613,0.564
RTOewpP52D1ZcQi,gap,conj,mm,0.859,0.655
RTvIpggb40wzcMj,gap,conj,m,0.467,0.585
RTvIpggb40wzcMj,gap,conj,mm,0.917,0.607
RTvjCe31vsmiZgF,no_gap,conj,m,0.688,0.728
RTvjCe31vsmiZgF,no_gap,conj,mm,0.771,1.061
RtzNr5GcFWibgNj,no_gap,conj,m,0.93,1.193
RtzNr5GcFWibgNj,no_gap,conj,mm,1.163,1.252
RuaROXK2JM6R5KN,no_gap,conj,m,0.522,0.714
RuaROXK2JM6R5KN,no_gap,conj,mm,0.644,0.842
RuEyL6gg252E1VJ,no_gap,conj,mm,0.788,0.796
RuEyL6gg252E1VJ,no_gap,conj,m,0.988,1.094
RUgx54Yz1N7CJ36,gap,conj,mm,0.49,0.586
RUgx54Yz1N7CJ36,gap,conj,m,0.523,0.805
RuPd3IAgL1aElYJ,no_gap,conj,m,0.585,0.728
RuPd3IAgL1aElYJ,no_gap,conj,mm,0.771,0.73
RUWLzuZCkACVgCP,gap,conj,m,0.828,0.965
RUWLzuZCkACVgCP,gap,conj,mm,1.058,1.282
RUYj6qVJqb6JhXS,no_gap,conj,mm,0.766,0.884
RUYj6qVJqb6JhXS,no_gap,conj,m,0.906,0.952
RuZFhWaBfnO4ECU,gap,conj,mm,1.269,1.171
RuZFhWaBfnO4ECU,gap,conj,m,1.522,1.234
Rv1EkCyV15Ok7D5,no_gap,conj,m,0.421,0.652
Rv1EkCyV15Ok7D5,no_gap,conj,mm,0.691,0.658
Rv6M4LykwnHQpey,no_gap,conj,mm,0.584,0.686
Rv6M4LykwnHQpey,no_gap,conj,m,0.767,0.775
RVBBNsozbzxpfT9,gap,conj,m,0.558,0.649
RVBBNsozbzxpfT9,gap,conj,mm,0.61,0.699
RVx6MwTvzph2nt3,gap,conj,m,0.595,0.772
RVx6MwTvzph2nt3,gap,conj,mm,0.6,1.014
Rw5NkTjpk5sIZmL,gap,conj,mm,0.6,0.573
Rw5NkTjpk5sIZmL,gap,conj,m,0.807,0.581
RwgkGKCmXhgbs6f,no_gap,conj,m,0.659,0.855
RwgkGKCmXhgbs6f,no_gap,conj,mm,0.72,0.971
RwhKJfx0Nt043dd,no_gap,conj,m,0.444,0.495
RwhKJfx0Nt043dd,no_gap,conj,mm,0.509,0.501
RxIZjV9sIl4RF6P,no_gap,conj,mm,1.069,1.107
RxIZjV9sIl4RF6P,no_gap,conj,m,1.15,1.304
RXqCDwzg1i2Esxj,no_gap,conj,mm,0.985,1.161
RXqCDwzg1i2Esxj,no_gap,conj,m,1.046,1.725
RxxfsrIN77B2IyP,no_gap,conj,m,1.245,1.584
RxxfsrIN77B2IyP,no_gap,conj,mm,1.737,1.948
RY5SgzE2hzm4IzP,no_gap,conj,m,1.342,1.146
RY5SgzE2hzm4IzP,no_gap,conj,mm,1.392,1.313
Rz5D2HPnn3XvNKK,gap,conj,m,1.184,0.807
Rz5D2HPnn3XvNKK,gap,conj,mm,1.193,0.813
Rz5xbqVjjSIyJdo,gap,conj,mm,0.86,1.318
Rz5xbqVjjSIyJdo,gap,conj,m,0.973,1.505
RzAzUdW0VLW47Ua,gap,conj,m,0.458,0.488
RzAzUdW0VLW47Ua,gap,conj,mm,0.782,0.795
RzMG3pjpYVG6q9D,no_gap,conj,m,1.275,1.685
RzMG3pjpYVG6q9D,no_gap,conj,mm,1.604,1.735
RzOyxhAfuZbfaqm,gap,conj,mm,1.276,1.443
RzOyxhAfuZbfaqm,gap,conj,m,1.536,1.673
RzZOxm6mvhN3djv,no_gap,conj,m,0.457,0.545
RzZOxm6mvhN3djv,no_gap,conj,mm,0.516,0.586
